institution_id,institution_name,state,district,city,institute_type,ownership,approval_status,current_status,is_autonomous,nba_accredited,accreditation_valid_until,year_established,aicte_code,last_updated,nirf_rank,naac_grade
INST_0001,"Government Engineering College, Berhampur",Odisha,Berhampur,Berhampur,Engineering,Govt,True,active,False,False,,2011.0,6-8698257687,2026-05-26,,
INST_0002,"PSG College of Engineering and Technology, Visakhapatnam",Andhra Pradesh,Visakhapatnam,Visakhapatnam,Engineering,Private,True,active,True,False,,1978.0,5-3296114478,2026-06-12,,
INST_0003,"Andhra Inst. of Tech., Mohali",Punjab,Mohali,Mohali,Engineering,Private,,unapproved,False,False,,2011.0,4-7096309744,2026-05-27,,
INST_0004,"PES College of Engineering, Surat",Gujarat,Surat,Surat,Engineering,Private,True,active,False,False,,1971.0,2-4431278183,2026-05-26,,
INST_0005,"Sri Sathya Sai Institute of Engineering and Management, Thrissur",Kerala,Thrissur,Thrissur,Engineering,Private,False,closed,False,True,2030-03-17,1990.0,1-6904470538,2026-07-27,,
INST_0006,Bapatla Institute of Science & Technology,Assam,Guwahati,Guwahati,Engineering,Private,True,active,False,True,2029-08-06,1975.0,1-7831667143,2026-05-26,,
INST_0007,"SRM Institute of Technology, Durgapur",West Bengal,Durgapur,Durgapur,Engineering,Private,False,closed,False,True,2025-04-09,2010.0,3-9859514125,2026-06-16,,
INST_0008,"Symbiosis College of Engineering and Technology, Jabalpur",Madhya Pradesh,Jabalpur,Jabalpur,Engineering,Private,,active,False,True,2029-12-29,1979.0,5-6474711306,2026-06-15,,
INST_0009,"Anurag College of Architecture & Planning, Tirunelveli",Tamil Nadu,Tirunelveli,Tirunelveli,Architecture,Private,True,active,False,True,2026-11-09,1991.0,4-6911144368,2026-07-18,,
INST_0010,"NMAM Institute of Technology and Science, Mandi",Himachal Pradesh,Mandi,Mandi,Engineering,Private,True,active,False,True,2028-07-19,1984.0,8-1298415361,2026-05-19,,
INST_0011,"Government College of Engineering, Adilabad",Telangana,Adilabad,Adilabad,Engineering,Govt,True,active,False,False,,2010.0,3-5854697966,2026-08-07,,
INST_0012,"Government Institute Of Management, Anantapur",Andhra Pradesh,Anantapur,Anantapur,Management,Govt,,unapproved,True,False,,1982.0,6-4005504882,2026-07-29,,
INST_0013,"Christ Institute of Management Studies, Imphal",Manipur,Imphal,Imphal,Management,Private,True,active,False,False,,2008.0,4-3439730885,2026-08-11,,
INST_0014,"Kalinga Institute of Applied Arts and Crafts, Indore",Madhya Pradesh,Indore,Indore,Applied Arts,Private,False,active,False,False,,1999.0,5-8300466568,2026-06-12,,
INST_0015,"Sinhgad Institute of Science and Technology, Hubballi",Karnataka,Hubballi,Hubballi,Engineering,Private,True,active,False,False,,1988.0,3-3654881540,2026-05-30,,
INST_0016,"Saveetha College of Engineering and Technology, Ambala",Haryana,Ambala,Ambala,Engineering,Private,True,active,False,False,,1973.0,1-4230227641,2026-06-20,,
INST_0017,"Government College of Engineering, Karimnagar",Telangana,Karimnagar,Karimnagar,Engineering,Govt,True,active,False,False,,2006.0,4-7776078456,2026-06-30,,
INST_0018,"Kalinga School of Management, Nagpur",Maharashtra,Nagpur,Nagpur,Management,Private,True,active,False,False,,1977.0,6-4866282994,2026-07-10,,
INST_0019,"Sree Dattha Engineering College, Nainital",Uttarakhand,Nainital,Nainital,Engineering,Private,True,active,False,True,2025-04-18,1970.0,3-7039200620,2026-07-29,,
INST_0020,"Thapar Institute of Engineering and Technology, Nashik",Maharashtra,Nashik,Nashik,Engineering,Private,True,active,False,False,,1979.0,5-6062806858,2026-06-15,,
INST_0021,"Hindustan Institute of Technology, Ballari",Karnataka,Ballari,Ballari,Engineering,Private,False,closed,False,False,,1968.0,7-6645352347,2026-06-24,,
INST_0022,"Sri Venkateswara Engineering College, Meerut",Uttar Pradesh,Meerut,Meerut,Engineering,Private,True,active,False,False,,1983.0,1-6001389164,2026-07-29,,
INST_0023,"NMAM Polytechnic College, Kanpur",Uttar Pradesh,Kanpur,Kanpur,Polytechnic,Private,True,active,True,True,2030-11-12,1995.0,8-1447724833,2026-06-11,,
INST_0024,"Mahatma Gandhi Engineering College, Sagar",Madhya Pradesh,Sagar,Sagar,Engineering,Private,True,active,False,False,,1978.0,4-3813836694,2026-06-30,,
INST_0025,"Galgotias Institute of Technology and Science, Thanjavur",Tamil Nadu,Thanjavur,Thanjavur,Autonomous,Private,True,active,False,False,,1996.0,8-1331485131,2026-05-21,,
INST_0026,"K.S.R. Institute of Technology and Science, Mangaluru",Karnataka,Mangaluru,Mangaluru,Engineering,Private,True,active,False,False,,2011.0,4-4948861893,2026-08-13,,
INST_0027,"Government College of Management Studies, Kurnool.",Andhra Pradesh,Kurnool,Kurnool,Management,Govt,True,active,False,False,,2010.0,3-2160013629,2026-06-03,,
INST_0028,"Thiagarajar Business School, Gandhinagar",Gujarat,Gandhinagar,Gandhinagar,Management,Private,True,active,False,False,,1998.0,1-6884147719,2026-08-10,,
INST_0029,"Government College of Pharmacy, Nagpur",Maharashtra,Nagpur,Nagpur,Pharmacy,Govt,True,active,False,True,2026-11-26,1991.0,2-4945052925,2026-07-20,,
INST_0030,"Symbiosis College of Pharmacy, Bhagalpur",Bihar,Bhagalpur,Bhagalpur,Pharmacy,Private,True,active,False,False,,2010.0,3-4446849349,2026-06-08,,
INST_0031,"Sri Sathya Sai College of Engineering, Adilabad",Telangana,Adilabad,Adilabad,Engineering,Private,True,active,False,False,,1989.0,1-4753384192,2026-05-18,,
INST_0032,"Government College of Pharmacy, Sagar",Madhya Pradesh,Sagar,Sagar,Pharmacy,Govt,,unapproved,False,True,2028-09-01,2016.0,1-7509447351,2026-06-01,,
INST_0033,"Government Engineering College, Madurai",Tamil Nadu,Madurai,Madurai,Engineering,Govt,,unapproved,False,False,,1961.0,1-3077462074,2026-05-18,,
INST_0034,"Thiagarajar College of Management Studies, Kolhapur",Maharashtra,Kolhapur,Kolhapur,Management,Private,True,active,False,False,,2023.0,1-3060966660,2026-06-29,,
INST_0035,"Psg College of Engineering, Durgapur",West Bengal,Durgapur,Durgapur,Engineering,Private,True,active,False,True,2024-01-23,2012.0,3-2231110187,2026-07-01,,
INST_0036,"Vishwakarma Institute of Science and Technology, Nizamabad",Telangana,Nizamabad,Nizamabad,Engineering,Private,True,active,False,False,,2008.0,6-2804207589,2026-07-29,,
INST_0037,"Sreenidhi Institute of Engineering and Management, Bengaluru",Karnataka,Bengaluru,Bengaluru,Engineering,Private,True,active,False,False,,1980.0,4-4972937598,2026-06-14,,
INST_0038,"Government Engineering College, Bhavnagar",Gujarat,Bhavnagar,Bhavnagar,Engineering,Govt,True,active,False,False,,2015.0,8-8582964864,2026-06-08,,
INST_0039,"Government Engineering College, Anantapur",Andhra Pradesh,Anantapur,Anantapur,Engineering,Govt,True,active,False,False,,1991.0,6-9922925364,2026-06-29,,
INST_0040,"D.Y. Patil Engineering College, Madurai",Tamil Nadu,Madurai,Madurai,Engineering,Private,True,active,False,False,,2006.0,7-5238695514,2026-07-31,,
INST_0041,"Government College of Engineering, Jabalpur",Madhya Pradesh,Jabalpur,Jabalpur,Engineering,Govt,True,active,True,True,2030-05-12,2014.0,2-6753828755,2026-07-24,,
INST_0042,"Sri Venkateswara Institute of Technology, Meerut",Uttar Pradesh,Meerut,Meerut,Engineering,Private,True,active,True,False,,1992.0,4-8516337518,2026-07-02,,
INST_0043,"Vasavi Institute of Business Management, Coimbatore",Tamil Nadu,Coimbatore,Coimbatore,Management,Private,False,closed,False,False,,1976.0,5-7763706472,2026-06-08,,
INST_0044,"Bharath College of Engineering, Vizianagaram",Andhra Pradesh,Vizianagaram,Vizianagaram,Engineering,Private,True,active,False,True,2026-07-30,1972.0,3-8060818839,2026-06-05,,
INST_0045,NIZAMABAD GURU NANAK INSTITUTE OF TECHNOLOGY,Telangana,Nizamabad,Nizamabad,Engineering,Private,False,closed,False,True,2027-09-05,1961.0,7-4142486461,2026-05-18,,
INST_0046,"Thiagarajar Institute of Technology and Science, Chennai",Tamil Nadu,Chennai,Chennai,Engineering,Private,True,active,False,True,2024-02-28,1975.0,2-4855771433,2026-06-16,,
INST_0047,Symbiosis Inst. of Engg. and Management,Telangana,Hyderabad,Hyderabad,Engineering,Private,True,active,False,False,,2000.0,6-4819546680,2026-06-02,,
INST_0048,"Jain Institute of Technology and Science, Junagadh",Gujarat,Junagadh,Junagadh,Engineering,Private,False,closed,False,True,2029-07-23,1980.0,3-7648093654,2026-06-16,,
INST_0049,"Reva College of Engineering and Technology, Siddipet",Telangana,Siddipet,Siddipet,Engineering,Private,,unapproved,True,True,2024-09-14,1960.0,4-7581850915,2026-06-02,,
INST_0050,"Matrusri Institute of Management Studies, Kurnool",Andhra Pradesh,Kurnool,Kurnool,Management,Private,True,active,False,True,2030-02-15,1996.0,3-4818632713,2026-08-02,,
INST_0051,"Amrita Engineering College, Haldia",West Bengal,Haldia,Haldia,Engineering,Private,True,active,False,False,,1963.0,6-5500739999,2026-08-05,,
INST_0052,"Government College of Engineering, Haldia",West Bengal,Haldia,Haldia,Engineering,Govt,,unapproved,False,False,,2016.0,3-2967679685,2026-07-26,,
INST_0053,"Government College of Engineering, Jaipur",Rajasthan,Jaipur,Jaipur,Engineering,Govt,True,active,True,False,,2000.0,3-8734938367,2026-08-09,,
INST_0054,"Matrusri Institute of Engineering and Polytechnic, Hubballi",Karnataka,Hubballi,Hubballi,Polytechnic,Private,True,active,False,False,,1986.0,3-3578789764,2026-07-14,,
INST_0055,"Government Engineering College, Ahmedabad",Gujarat,Ahmedabad,Ahmedabad,Engineering,Govt,True,active,False,False,,1971.0,3-1440985231,2026-07-01,,
INST_0056,"Government Institute of Pharmaceutical Sciences, Ludhiana",Punjab,Ludhiana,Ludhiana,Pharmacy,Govt,True,active,False,True,2026-09-11,1991.0,3-3013172253,2026-07-12,,
INST_0057,"National Institute of Technology, Kolkata",West Bengal,Kolkata,Kolkata,Autonomous,Private,False,closed,False,False,,1978.0,1-3374989859,2026-08-08,,
INST_0058,"Hindustan Institute of Applied Arts, Karimnagar",Telangana,Karimnagar,Karimnagar,Applied Arts,Private,True,active,False,True,2029-12-17,2007.0,3-5249998327,2026-05-19,,
INST_0059,"Srinivasa Colg. of Engg. & Tech., Belagavi",Karnataka,Belagavi,Belagavi,Engineering,Private,True,active,False,False,,1968.0,5-8289520434,2026-08-03,,
INST_0060,"GOVERNMENT COLLEGE OF ENGINEERING, SAGAR",Madhya Pradesh,Sagar,Sagar,Engineering,Govt,True,active,False,True,2029-09-08,2003.0,6-7344402919,2026-05-23,,
INST_0061,"Sri Sathya Sai College of Engineering and Technology, Bhopal",Madhya Pradesh,Bhopal,Bhopal,Engineering,Private,True,active,False,False,,2018.0,7-9678769599,2026-07-05,,
INST_0062,"Shri Institute of Technology, Purnia",Bihar,Purnia,Purnia,Engineering,Private,False,closed,False,True,2029-02-11,1982.0,6-9091105997,2026-06-10,,
INST_0063,"Government Institute of Management, Aurangabad",Maharashtra,Aurangabad,Aurangabad,Management,Govt,True,active,False,False,,1987.0,7-9452498891,2026-06-08,,
INST_0064,"Government Institute of Pharmaceutical Sciences, Aurangabad",Maharashtra,Aurangabad,Aurangabad,Pharmacy,Govt,True,active,False,True,2026-05-10,1999.0,5-6592847441,2026-07-11,,
INST_0065,"Guru Nanak Institute of Science and Technology, Anantapur",Andhra Pradesh,Anantapur,Anantapur,Engineering,Private,True,active,False,True,2030-03-13,1986.0,4-1209888601,2026-07-11,,
INST_0066,"Government College of Management Studies, Madurai",Tamil Nadu,Madurai,Madurai,Management,Govt,True,active,False,True,2027-11-27,2018.0,8-9331720076,2026-06-24,,
INST_0067,"Malla Reddy College of Architecture, Chennai",Tamil Nadu,Chennai,Chennai,Architecture,Private,True,active,False,True,2028-11-27,2021.0,3-4923360262,2026-07-28,,
INST_0068,"Lovely Polytechnic College, Howrah",West Bengal,Howrah,Howrah,Polytechnic,Private,True,active,True,True,2024-11-18,2016.0,7-7930455798,2026-05-24,,
INST_0069,"Government College of Architecture, North Delhi",Delhi,North Delhi,North Delhi,Architecture,Govt,True,active,False,False,,2018.0,6-1003982845,2026-07-19,,
INST_0070,"Srinivasa Institute of Engineering and Management, Chandigarh",Chandigarh,Chandigarh,Chandigarh,Engineering,Private,True,active,False,False,,2019.0,1-4146606930,2026-07-04,,
INST_0071,"Kakatiya College of Engineering, Rourkela",Odisha,Rourkela,Rourkela,Engineering,Private,False,closed,False,True,2026-12-07,1984.0,1-3771967859,2026-07-29,,
INST_0072,"CVR Institute of Applied Arts and Crafts, Tirunelveli",Tamil Nadu,Tirunelveli,Tirunelveli,Applied Arts,Private,True,active,False,True,2028-04-30,1978.0,4-9898890663,2026-05-31,,
INST_0073,"Dr. B.R. Ambedkar Institute of Science and Technology, Salem.",Tamil Nadu,Salem,Salem,Engineering,Private,True,active,True,False,,2019.0,2-7989979097,2026-06-22,,
INST_0074,"Vels Institute of Technology and Science, Solapur",Maharashtra,Solapur,Solapur,Engineering,Private,,unapproved,False,True,2028-11-26,1962.0,7-8778820193,2026-07-26,,
INST_0075,"Sinhgad Institute of Technology, Aurangabad",Maharashtra,Aurangabad,Aurangabad,Engineering,Private,True,active,False,False,,1992.0,2-7463993620,2026-07-12,,
INST_0076,"Government College of Pharmacy, Kolhapur",Maharashtra,Nagpur,Nagpur,Pharmacy,Govt,True,active,False,False,,1982.0,7-5293003446,2026-08-01,,
INST_0077,"Amity Engineering College, Surat",Gujarat,Surat,Surat,Engineering,Private,True,active,False,True,2029-06-18,2009.0,7-3667881795,2026-07-25,,
INST_0078,"Government Institute of Management, Visakhapatnam",Andhra Pradesh,Visakhapatnam,Visakhapatnam,Management,Govt,False,closed,False,False,,1962.0,7-1378211426,2026-08-04,,
INST_0079,"Lendi Pharmacy College, Alwar",Rajasthan,Alwar,Alwar,Pharmacy,Private,True,active,False,False,,1990.0,7-9938424634,2026-07-09,,
INST_0080,"Vaagdevi Institute of Science and Technology, Rewa",Madhya Pradesh,Rewa,Rewa,Autonomous,Private,True,active,False,False,,2004.0,1-3031156548,2026-08-15,,
INST_0081,"Sinhgad Institute of Technology and Science, Anantapur",Andhra Pradesh,Anantapur,Anantapur,Engineering,Private,False,closed,False,True,2030-03-08,1992.0,4-1191457315,2026-07-05,,
INST_0082,"Sri Indu College of Pharmacy and Research, Mysuru",Karnataka,Mysuru,Mysuru,Pharmacy,Private,True,active,False,False,,2018.0,2-3104724232,2026-07-15,,
INST_0083,"National Institute of Technology, Aizawl",Mizoram,Aizawl,Aizawl,Autonomous,Govt,True,active,False,False,,2016.0,6-7566320283,2026-06-13,,
INST_0084,"Anurag Institute of Technology and Science, Vadodara",Gujarat,Vadodara,Vadodara,Engineering,Private,True,active,False,False,,2003.0,6-7533303555,2026-08-06,,
INST_0085,"Government Institute of Applied Arts, Jamshedpur",Jharkhand,Jamshedpur,Jamshedpur,Applied Arts,Govt,True,active,False,False,,2010.0,8-1056172799,2026-08-08,,
INST_0086,"Symbiosis College of Engineering and Technology, Belagavi",Karnataka,Belagavi,Belagavi,Engineering,Private,,unapproved,False,False,,2014.0,5-6243742069,2026-07-11,,
INST_0087,"Government Engineering College, Thanjavur",Tamil Nadu,Thanjavur,Thanjavur,Engineering,Govt,True,active,False,False,,2011.0,5-2718409428,2026-05-19,,
INST_0088,"Kumaraguru Institute of Technology, Varanasi",Uttar Pradesh,Varanasi,Varanasi,Engineering,Private,True,active,False,False,,2017.0,1-4967534464,2026-07-12,,
INST_0089,"Velammal Institute of Engineering and Management, Vadodara",Gujarat,Vadodara,Vadodara,Engineering,Private,,unapproved,False,False,,1989.0,1-8001740574,2026-05-31,,
INST_0090,"Sharda Business School, Mysuru",Karnataka,Mysuru,Mysuru,Management,Private,True,active,False,False,,1967.0,2-5291014870,2026-08-12,,
INST_0091,"Gokaraju School of Architecture, Varanasi",Uttar Pradesh,Varanasi,Varanasi,Architecture,Private,False,closed,False,True,2030-08-17,2012.0,4-6013857864,2026-08-08,,
INST_0092,"Sri Venkateswara Institute of Science and Technology, Warangal",Telangana,Warangal,Warangal,Autonomous,Private,True,active,False,True,2027-03-15,1984.0,5-9532631980,2026-08-09,,
INST_0093,"Anurag Polytechnic, Amritsar",Punjab,Amritsar,Amritsar,Polytechnic,Private,True,active,False,False,,2009.0,1-1631581589,2026-06-27,,
INST_0094,"Velammal School of Planning and Architecture, Vijayawada",Andhra Pradesh,Vijayawada,Vijayawada,Architecture,Private,True,active,False,False,,1984.0,2-3530966658,2026-07-25,,
INST_0095,"BMS Institute of Technology and Science, Roorkee.",Uttarakhand,Roorkee,Roorkee,Engineering,Private,True,active,False,False,,1987.0,5-1267257773,2026-07-03,,
INST_0096,"Dr. B.R. Ambedkar Engineering College, Mangaluru",Karnataka,Mangaluru,Mangaluru,Engineering,Private,True,active,False,True,2029-04-19,1980.0,3-1697650245,2026-07-02,,
INST_0097,"Guru Nanak College of Engineering and Technology, Bardhaman",West Bengal,Bardhaman,Bardhaman,Engineering,Private,,unapproved,False,False,,1968.0,3-2429417939,2026-05-19,,
INST_0098,"Government College of Management Studies, Chandigarh",Chandigarh,Chandigarh,Chandigarh,Management,Govt,True,active,False,False,,1963.0,1-6074118054,2026-06-13,,
INST_0099,"D.Y. Patil Institute of Pharmaceutical Sciences, Mysuru",Karnataka,Mysuru,Mysuru,Pharmacy,Private,True,active,False,False,,1962.0,2-9702427508,2026-07-25,,
INST_0100,"Kalinga Institute of Management and Technology, Pune",Maharashtra,Pune,Pune,Management,Private,True,active,False,True,2028-10-18,1973.0,7-3357478214,2026-06-24,,
INST_0101,"Government Institute of Management, Panipat",Haryana,Panipat,Panipat,Management,Govt,True,active,False,True,2029-09-14,2000.0,8-9694777946,2026-05-22,,
INST_0102,"Ideal Business School, North Delhi",Delhi,North Delhi,North Delhi,Management,Private,False,closed,False,True,2030-12-03,1986.0,5-8684881609,2026-06-14,,
INST_0103,"NMAM College of Pharmacy, Ludhiana",Punjab,Ludhiana,Ludhiana,Pharmacy,Private,True,active,False,False,,1981.0,7-5741337207,2026-05-18,,
INST_0104,"Malla Reddy Pharmacy College, Gaya",Bihar,Gaya,Gaya,Pharmacy,Private,True,active,False,True,2025-10-29,2007.0,6-9256867265,2026-06-14,,
INST_0105,"Dayananda Sagar College of Architecture and Planning, Bhavnagar",Gujarat,Bhavnagar,Bhavnagar,Architecture,Private,True,active,False,True,2024-05-16,2018.0,5-1921560685,2026-08-02,,
INST_0106,Kurnool Government College of Engineering,Andhra Pradesh,Kurnool,Kurnool,Engineering,Govt,True,active,False,True,2024-07-26,1971.0,2-2073878766,2026-06-26,,
INST_0107,Kota Government Institute of Management,Rajasthan,Kota,Kota,Management,Govt,False,closed,False,True,2027-01-04,1997.0,6-6657043249,2026-06-22,,
INST_0108,"Girijananda Chowdhury College of Engineering, Agra",Uttar Pradesh,Agra,Agra,Engineering,Private,True,active,False,False,,1997.0,3-5373842700,2026-07-26,,
INST_0109,"Ideal Institute of Engineering and Polytechnic, South Goa",Goa,South Goa,South Goa,Polytechnic,Private,True,active,False,False,,1976.0,6-3544150160,2026-07-19,,
INST_0110,"Sreenidhi Institute of Engineering and Technology, Sambalpur",Odisha,Sambalpur,Sambalpur,Engineering,Private,True,active,False,True,2024-03-14,1994.0,3-8789865701,2026-05-20,,
INST_0111,"Bharat Institute of Technology and Science, Ballari",Karnataka,Ballari,Ballari,Engineering,Private,True,active,False,True,2026-02-22,1967.0,3-6355540381,2026-05-24,,
INST_0112,"Thapar Institute of Science and Technology, Solapur",Maharashtra,Solapur,Solapur,Autonomous,Private,True,active,False,True,2026-10-28,2016.0,6-4584153555,2026-07-22,,
INST_0113,"Government College of Engineering, Alwar",Rajasthan,Jaipur,Jaipur,Engineering,Govt,False,active,False,False,,2011.0,1-9619120288,2026-08-12,,
INST_0114,"Thapar School of Business Administration, Vijayawada",Andhra Pradesh,Vijayawada,Vijayawada,Management,Private,True,active,False,False,,1999.0,1-4196827954,2026-05-28,,
INST_0115,"Ideal Engineering College, Anantapur",Andhra Pradesh,Anantapur,Anantapur,Engineering,Private,True,active,True,False,,1990.0,4-3872204645,2026-07-17,,
INST_0116,"Government Engineering College, Shimla",Himachal Pradesh,Shimla,Shimla,Engineering,Govt,,unapproved,False,True,2029-09-22,1968.0,1-7418407683,2026-06-07,,
INST_0117,"Shri School of Applied Arts, Anantapur",Andhra Pradesh,Anantapur,Anantapur,Applied Arts,Private,True,active,False,False,,2022.0,1-3266697048,2026-05-27,,
INST_0118,Sree Dattha Institute of Architecture and Planning,Telangana,Warangal,Warangal,Architecture,Private,True,active,False,True,2029-01-01,1971.0,5-2189777716,2026-06-04,,
INST_0119,"K.S.R. Institute of Technology and Science, Bengaluru",Karnataka,Bengaluru,Bengaluru,Engineering,Private,True,active,False,False,,2020.0,5-7070164241,2026-06-07,,
INST_0120,"Government College of Engineering, Ranchi",Jharkhand,Ranchi,Ranchi,Engineering,Govt,True,active,False,False,,2008.0,6-9400124880,2026-08-10,,
INST_0121,"Government Engineering College, Mohali",Punjab,Mohali,Mohali,Engineering,Govt,True,active,False,False,,1995.0,4-3100937601,2026-06-26,,
INST_0122,"Government College of Engineering, Nashik",Maharashtra,Nashik,Nashik,Engineering,Govt,True,active,False,False,,1980.0,3-7279191012,2026-05-19,,
INST_0123,"Government College of Management Studies, Nashik",Maharashtra,Nashik,Nashik,Management,Govt,True,active,False,False,,1994.0,7-2180023117,2026-07-03,,
INST_0124,"Bapatla College of Engineering, Kanpur",Uttar Pradesh,Kanpur,Kanpur,Engineering,Private,True,active,True,True,2024-02-02,1989.0,5-8835161877,2026-08-09,,
INST_0125,"Geethanjali Institute of Pharmaceutical Sciences, Aurangabad",Maharashtra,Aurangabad,Aurangabad,Pharmacy,Private,,unapproved,False,False,,1976.0,1-9317048082,2026-08-13,,
INST_0126,"Institute of Technology, Amravati",Maharashtra,Amravati,Amravati,Autonomous,Govt,True,active,False,True,2025-07-11,2013.0,4-5120686525,2026-08-04,,
INST_0127,"Dayananda Sagar School of Planning and Architecture, Varanasi",Uttar Pradesh,Varanasi,Varanasi,Architecture,Private,True,active,True,False,,2014.0,8-5823008976,2026-07-04,,
INST_0128,"Chaitanya Institute of Engineering and Technology, Agra",Uttar Pradesh,Agra,Agra,Engineering,Private,True,active,True,True,2024-12-04,1961.0,7-8251875583,2026-07-10,,
INST_0129,"Karunya Institute of Engineering and Management, Lucknow",Uttar Pradesh,Lucknow,Lucknow,Engineering,Private,True,active,False,True,2025-08-24,2000.0,7-5851691547,2026-06-03,,
INST_0130,"Chaitanya Institute of Engineering and Technology, Ujjain",Madhya Pradesh,Ujjain,Ujjain,Engineering,Private,True,active,False,True,2026-03-17,2017.0,3-9135791844,2026-08-12,,
INST_0131,Nashik G.L. Bajaj Polytechnic College,Maharashtra,Nashik,Nashik,Polytechnic,Private,True,active,False,True,2028-08-25,1999.0,2-5606603084,2026-08-08,,
INST_0132,"Srinivasa Institute of Technology, Nashik",Maharashtra,Nashik,Nashik,Autonomous,Private,True,active,False,True,2030-06-30,1976.0,7-5348660837,2026-05-28,,
INST_0133,"Government College of Engineering, Vijayawada",Andhra Pradesh,Vijayawada,Vijayawada,Engineering,Govt,True,active,False,False,,2000.0,8-3902234505,2026-06-26,,
INST_0134,"Government Engineering College, Ajmer",Rajasthan,Ajmer,Ajmer,Engineering,Govt,True,active,False,False,,1997.0,3-7489407004,2026-07-08,,
INST_0135,"Hindustan College of Engineering, Vadodara.",Gujarat,Vadodara,Vadodara,Engineering,Private,True,active,False,False,,2021.0,8-2254808942,2026-08-12,,
INST_0136,"G.L. Bajaj Institute of Management and Technology, Pune",Maharashtra,Pune,Pune,Management,Private,False,closed,False,False,,1971.0,7-4190038140,2026-06-29,,
INST_0137,"Jain College of Architecture, Surat",Gujarat,Surat,Surat,Architecture,Private,True,active,False,False,,1968.0,6-6944789113,2026-07-15,,
INST_0138,"Reva Institute of Science and Technology, Jaipur",Rajasthan,Jaipur,Jaipur,Engineering,Private,True,active,False,False,,1998.0,4-4013059718,2026-05-23,,
INST_0139,"Ideal College of Engineering and Technology, Jodhpur.",Rajasthan,Jodhpur,Jodhpur,Engineering,Private,True,active,False,False,,1972.0,4-9475060802,2026-06-14,,
INST_0140,"GOVERNMENT INSTITUTE OF MANAGEMENT, VELLORE",Tamil Nadu,Vellore,Vellore,Management,Govt,True,active,False,False,,2022.0,8-5634264435,2026-06-04,,
INST_0141,"Vels Institute of Engineering and Technology, Allahabad",Uttar Pradesh,Allahabad,Allahabad,Engineering,Private,True,active,False,True,2026-01-07,1998.0,7-9749021933,2026-07-01,,
INST_0142,"Anurag Institute of Technology and Science, Jaipur",Rajasthan,Jaipur,Jaipur,Engineering,Private,True,active,False,False,,2008.0,6-5357638679,2026-06-18,,
INST_0143,"Sinhgad Institute of Engineering and Polytechnic, Hyderabad",Telangana,Hyderabad,Hyderabad,Polytechnic,Private,True,active,False,False,,2007.0,6-9337341731,2026-07-24,,
INST_0144,"Government College of Engineering, Coimbatore",Tamil Nadu,Coimbatore,Coimbatore,Engineering,Govt,True,active,True,True,2029-04-03,1970.0,5-7277998801,2026-05-31,,
INST_0145,"Matrusri Institute of Engineering and Technology, South Goa",Goa,South Goa,South Goa,Engineering,Private,,unapproved,False,False,,1995.0,1-8705021979,2026-07-04,,
INST_0146,"Government College of Engineering, Anantapur",Andhra Pradesh,Anantapur,Anantapur,Engineering,Govt,True,active,True,False,,1973.0,2-1416993835,2026-07-24,,
INST_0147,"Government Institute of Management, Tirunelveli",Tamil Nadu,Tirunelveli,Tirunelveli,Management,Govt,True,active,True,True,2027-07-05,2021.0,7-8540910041,2026-08-16,,
INST_0148,"Jain Institute of Science and Technology, Bilaspur",Chhattisgarh,Bilaspur,Bilaspur,Engineering,Private,True,active,False,False,,2010.0,5-9594012586,2026-08-01,,
INST_0149,"Government College of Engineering, Bikaner",Rajasthan,Bikaner,Bikaner,Engineering,Govt,True,active,False,False,,1989.0,7-7591380552,2026-06-10,,
INST_0150,Salem Government College of Engineering,Tamil Nadu,Salem,Salem,Engineering,Govt,,unapproved,False,True,2029-06-08,1991.0,6-5894207340,2026-06-22,,
INST_0151,"Mahatma Gandhi Pharmacy College, Faridabad",Haryana,Faridabad,Faridabad,Pharmacy,Private,True,active,False,False,,1978.0,8-6617873037,2026-06-18,,
INST_0152,"Reva Institute of Engineering and Technology, Varanasi",Uttar Pradesh,Varanasi,Varanasi,Engineering,Private,True,active,False,False,,1965.0,2-9235991747,2026-05-29,,
INST_0153,"Amity Engineering College, Karimnagar",Telangana,Karimnagar,Karimnagar,Engineering,Private,False,closed,False,True,2028-06-23,2020.0,6-7220904263,2026-06-12,,
INST_0154,"Sathyabama Institute of Polytechnic, Purnia",Bihar,Purnia,Purnia,Polytechnic,Private,True,active,False,True,2028-03-25,1994.0,6-9364768279,2026-07-08,,
INST_0155,"Government Institute of Management, Guntur",Andhra Pradesh,Guntur,Guntur,Management,Govt,True,active,False,False,,1981.0,1-2181891577,2026-08-07,,
INST_0156,"Sri Venkateswara Institute of Science and Technology, Haldia",West Bengal,Haldia,Haldia,Engineering,Private,True,active,False,True,2030-11-19,1967.0,8-8564383966,2026-07-11,,
INST_0157,"Government College of Management Studies, Belagavi",Karnataka,Belagavi,Belagavi,Management,Govt,True,active,False,False,,1991.0,3-9394674849,2026-07-15,,
INST_0158,"Kalinga Engineering College, Nagpur",Maharashtra,Nagpur,Nagpur,Engineering,Private,True,active,False,False,,2019.0,2-2058154354,2026-07-07,,
INST_0159,"PES Polytechnic College, Panipat",Haryana,Panipat,Panipat,Polytechnic,Private,True,active,False,True,2028-01-26,1962.0,5-9760649042,2026-05-19,,
INST_0160,"National Inst. of Tech., Allahabad",Uttar Pradesh,Allahabad,Allahabad,Autonomous,Private,False,closed,False,False,,1992.0,3-1612944912,2026-08-11,,
INST_0161,KLE Institute of Engineering and Technology,Telangana,Adilabad,Adilabad,Engineering,Private,True,active,False,True,2028-05-26,2012.0,6-9059402815,2026-08-01,,
INST_0162,"Sreenidhi College of Engineering, Amravati",Maharashtra,Amravati,Amravati,Engineering,Private,True,active,False,True,2027-09-12,2012.0,8-1235586512,2026-07-04,,
INST_0163,"D.Y. Patil School of Business Administration, Korba",Chhattisgarh,Korba,Korba,Management,Private,True,active,True,False,,1961.0,4-4207199962,2026-05-27,,
INST_0164,"Christ Engineering College, Ahmedabad",Gujarat,Ahmedabad,Ahmedabad,Autonomous,Govt,True,active,False,False,,1982.0,1-1434334556,2026-08-01,,
INST_0165,"NMAM Institute of Management Studies, Karimnagar",Telangana,Karimnagar,Karimnagar,Management,Private,True,active,False,False,,2001.0,4-6456742126,2026-07-29,,
INST_0166,"Government Engineering College, Karimnagar",Telangana,Karimnagar,Karimnagar,Engineering,Govt,True,active,False,False,,1982.0,6-3238155367,2026-08-03,,
INST_0167,"Matrusri Institute of Technology and Science, Adilabad",Telangana,Adilabad,Adilabad,Autonomous,Govt,False,closed,False,True,2026-10-23,1974.0,3-6390396138,2026-07-04,,
INST_0168,"Lendi Institute of Technology, Kanpur",Uttar Pradesh,Kanpur,Kanpur,Autonomous,Private,True,active,False,False,,1989.0,4-3310940768,2026-07-11,,
INST_0169,"Bapatla College of Pharmaceutical Sciences, North Delhi",Delhi,North Delhi,North Delhi,Pharmacy,Private,False,closed,True,True,2025-05-29,1983.0,4-3620742669,2026-08-14,,
INST_0170,"VIT Institute of Technology, Ranchi",Jharkhand,Ranchi,Ranchi,Engineering,Private,True,active,False,False,,2006.0,4-8670338165,2026-06-02,,
INST_0171,"Geethanjali Institute of Technology, Kanpur",Uttar Pradesh,Kanpur,Kanpur,Engineering,Private,True,active,False,True,2026-12-17,2018.0,1-1408225581,2026-08-16,,
INST_0172,"Geethanjali Institute of Engineering and Polytechnic, Panipat",Haryana,Panipat,Panipat,Polytechnic,Private,False,closed,False,False,,1985.0,6-2614412435,2026-08-03,,
INST_0173,Ajmer Aditya School of Management,Rajasthan,Ajmer,Ajmer,Management,Private,True,active,False,False,,1984.0,2-8121992382,2026-08-06,,
INST_0174,"Dayananda Sagar Institute of Technology and Science, Howrah",West Bengal,Howrah,Howrah,Engineering,Private,True,active,False,True,2024-08-21,2011.0,8-4613851921,2026-07-29,,
INST_0175,"Aditya Institute of Pharmaceutical Sciences, Meerut",Uttar Pradesh,Meerut,Meerut,Pharmacy,Private,,active,False,True,2027-12-03,1989.0,7-2402557199,2026-06-25,,
INST_0176,"Kalasalingam Institute of Science and Technology, Dhanbad",Jharkhand,Dhanbad,Dhanbad,Engineering,Private,True,active,False,False,,2004.0,8-7665677249,2026-08-13,,
INST_0177,"Nitte Institute of Technology, Siddipet",Telangana,Siddipet,Siddipet,Engineering,Private,True,active,True,False,,1983.0,6-8615537999,2026-06-08,,
INST_0178,"Thiagarajar Business School, Thrissur",Kerala,Thrissur,Thrissur,Management,Private,True,active,False,False,,2009.0,8-8674154614,2026-07-12,,
INST_0179,"Raghu College of Architecture and Planning, Bengaluru",Karnataka,Bengaluru,Bengaluru,Architecture,Private,True,active,False,True,2030-10-29,1981.0,8-1949820243,2026-07-30,,
INST_0180,"Andhra Engineering College, Mysuru",Karnataka,Mysuru,Mysuru,Engineering,Private,True,active,False,False,,1982.0,3-2192094602,2026-07-09,,
INST_0181,"Nitte School of Applied Arts, Anantapur",Andhra Pradesh,Anantapur,Anantapur,Applied Arts,Private,False,closed,False,False,,1966.0,3-6944285471,2026-05-26,,
INST_0182,"Hindustan Institute of Business Management, Junagadh",Gujarat,Junagadh,Junagadh,Management,Private,True,active,False,False,,1968.0,8-6692557516,2026-07-15,,
INST_0183,"Indian Institute of Information Technology, Chennai",Tamil Nadu,Chennai,Chennai,Autonomous,Govt,True,active,False,False,,2009.0,4-6427191891,2026-06-25,,
INST_0184,"Bharat Institute of Engineering and Management, Varanasi",Uttar Pradesh,Varanasi,Varanasi,Engineering,Private,False,closed,False,False,,2008.0,5-8992679669,2026-06-25,,
INST_0185,K.S.R. Institute Of Technology And Science,Kerala,Thrissur,Thrissur,Engineering,Private,True,active,False,False,,2011.0,4-3683285325,2026-06-03,,
INST_0186,"Nitte College of Engineering and Technology, Thrissur",Kerala,Thrissur,Thrissur,Engineering,Private,True,active,False,True,2025-04-16,1964.0,4-4295196728,2026-07-16,,
INST_0187,"Government College of Engineering, Vizianagaram",Andhra Pradesh,Vizianagaram,Vizianagaram,Engineering,Govt,True,active,False,False,,1960.0,6-7910323212,2026-07-04,,
INST_0188,"Institute of Technology, Pune",Maharashtra,Pune,Pune,Autonomous,Private,True,active,False,True,2029-02-24,2007.0,5-4509994464,2026-08-08,,
INST_0189,"Sri Venkateswara College of Engineering and Technology, Hubballi",Karnataka,Hubballi,Hubballi,Autonomous,Private,True,active,False,True,2028-04-06,1971.0,4-4638872402,2026-08-05,,
INST_0190,"Government Engineering College, Howrah",West Bengal,Howrah,Howrah,Engineering,Govt,True,active,True,True,2026-06-09,1984.0,3-7111551059,2026-07-07,,
INST_0191,"Sri Indu Pharmacy College, Cuttack",Odisha,Cuttack,Cuttack,Pharmacy,Private,,unapproved,False,False,,2021.0,1-8283457280,2026-05-19,,
INST_0192,"Sri Sathya Sai Institute of Science and Technology, Muzaffarpur",Bihar,Muzaffarpur,Muzaffarpur,Engineering,Private,False,closed,False,False,,1976.0,2-3146191509,2026-08-13,,
INST_0193,"G.L. Bajaj Engineering College, Mysuru",Karnataka,Mysuru,Mysuru,Engineering,Private,True,active,False,True,2027-12-26,1992.0,7-4138680667,2026-06-02,,
INST_0194,"D.Y. Patil Institute of Technology and Science, Patiala",Punjab,Patiala,Patiala,Engineering,Private,True,active,False,True,2024-10-29,1973.0,2-1102967400,2026-06-24,,
INST_0195,"Galgotias College of Engineering, Agra",Uttar Pradesh,Agra,Agra,Engineering,Private,True,active,False,True,2025-02-09,1994.0,8-1659102477,2026-07-03,,
INST_0196,"Government College of Applied Arts, Sambalpur",Odisha,Sambalpur,Sambalpur,Applied Arts,Govt,True,active,False,False,,1986.0,5-5577043881,2026-06-07,,
INST_0197,"Galgotias Institute of Engineering and Polytechnic, Haridwar",Uttarakhand,Haridwar,Haridwar,Polytechnic,Private,True,active,False,True,2025-10-09,2013.0,1-8092752102,2026-07-30,,
INST_0198,"Sinhgad Institute of Science and Technology, Ballari",Karnataka,Ballari,Ballari,Engineering,Private,True,active,False,False,,1969.0,2-6844749938,2026-05-23,,
INST_0199,"Manipal Institute of Pharmacy, Bhavnagar",Gujarat,Bhavnagar,Bhavnagar,Pharmacy,Private,True,active,False,False,,2002.0,5-5231236765,2026-06-26,,
INST_0200,"Government College of Engineering, Madurai",Tamil Nadu,Thanjavur,Thanjavur,Engineering,Govt,True,active,False,False,,1961.0,4-2313946629,2026-07-08,,
INST_0201,"G.L. Bajaj College of Architecture and Planning, Udaipur",Rajasthan,Udaipur,Udaipur,Architecture,Private,True,active,False,False,,2007.0,5-5124994272,2026-07-04,,
INST_0202,"Kongu College of Engineering and Technology, Aurangabad",Maharashtra,Aurangabad,Aurangabad,Engineering,Private,True,active,False,False,,1977.0,4-3594845618,2026-06-12,,
INST_0203,"Kakatiya Institute of Engineering and Management, Khammam",Telangana,Khammam,Khammam,Engineering,Private,True,active,False,False,,2018.0,1-5070114853,2026-08-08,,
INST_0204,"Sri Sathya Sai Institute of Technology, Gandhinagar",Gujarat,Gandhinagar,Gandhinagar,Engineering,Private,True,active,False,False,,2023.0,7-9331138557,2026-08-04,,
INST_0205,"Government College of Applied Arts, Daman",Daman And Diu,Daman,Daman,Applied Arts,Govt,False,closed,False,True,2030-02-16,1969.0,6-5002915516,2026-08-01,,
INST_0206,"Government Engineering College, Bardhaman",West Bengal,Bardhaman,Bardhaman,Engineering,Govt,True,active,False,True,2024-08-29,1970.0,2-1004108408,2026-07-15,,
INST_0207,"Srinivasa Institute of Technology and Science, Nashik",Maharashtra,Nashik,Nashik,Engineering,Private,True,active,True,False,,1976.0,4-3598885790,2026-07-21,,
INST_0208,"Government College of Engineering, Ghaziabad",Uttar Pradesh,Ghaziabad,Ghaziabad,Engineering,Govt,True,active,False,True,2024-11-25,2016.0,6-1925682848,2026-07-09,,
INST_0209,"Government Institute of Applied Arts, Madurai",Tamil Nadu,Madurai,Madurai,Applied Arts,Govt,True,active,False,True,2030-05-18,1987.0,2-8650380945,2026-06-06,,
INST_0210,"Rajalakshmi Institute of Engineering and Polytechnic, Ahmedabad",Gujarat,Ahmedabad,Ahmedabad,Polytechnic,Private,True,active,False,False,,1985.0,6-7360999297,2026-07-25,,
INST_0211,"Government Polytechnic, Ghaziabad",Uttar Pradesh,Ghaziabad,Ghaziabad,Polytechnic,Govt,True,active,False,False,,2015.0,3-4559092584,2026-07-27,,
INST_0212,Rohtak Vaagdevi Engineering College and Technology,Haryana,Rohtak,Rohtak,Engineering,Private,True,active,False,False,,1985.0,4-6195873725,2026-07-26,,
INST_0213,"Symbiosis Institute of Technology and Science, Pune",Maharashtra,Pune,Pune,Engineering,Private,True,active,False,False,,2013.0,2-4218976126,2026-06-26,,
INST_0214,"Anurag Institute of Science and Technology, Guntur",Andhra Pradesh,Guntur,Guntur,Engineering,Private,True,active,False,True,2030-10-16,2021.0,6-7896539842,2026-06-07,,
INST_0215,"Vignan College of Engineering and Technology, Amritsar",Punjab,Amritsar,Amritsar,Engineering,Private,True,active,False,True,2026-05-24,1989.0,3-9656081539,2026-07-18,,
INST_0216,"Christ Institute of Engineering and Technology, Madurai",Tamil Nadu,Madurai,Madurai,Engineering,Private,True,active,False,False,,1972.0,6-5939271761,2026-06-15,,
INST_0217,Chennai Velammal Engineering College and Technology,Tamil Nadu,Chennai,Chennai,Engineering,Private,False,closed,False,True,2024-05-21,1971.0,5-7047775652,2026-05-31,,
INST_0218,"Government Engineering College, Kota",Rajasthan,Kota,Kota,Engineering,Govt,True,active,False,True,2030-04-30,1965.0,4-1832325155,2026-06-05,,
INST_0219,"Vels Institute of Engineering and Management, Kolhapur.",Maharashtra,Kolhapur,Kolhapur,Engineering,Private,False,closed,False,False,,1966.0,3-5045855650,2026-06-19,,
INST_0220,"Hindustan Institute of Engineering and Management, Durgapur",West Bengal,Durgapur,Durgapur,Engineering,Private,True,active,False,True,2025-06-14,2019.0,4-7593810820,2026-06-21,,
INST_0221,"Sreyas Engineering College, Nashik",Maharashtra,Nashik,Nashik,Engineering,Private,True,active,False,True,2028-12-09,2007.0,6-7817433804,2026-07-31,,
INST_0222,"Dr. B.R. Ambedkar Business School, Leh",Ladakh,Leh,Leh,Management,Private,True,active,False,False,,1999.0,1-6306107174,2026-06-22,,
INST_0223,"Kalasalingam Institute of Technology and Science, Pune",Maharashtra,Pune,Pune,Engineering,Private,True,active,False,True,2027-08-26,1989.0,2-2918857140,2026-08-10,,
INST_0224,"BMS Institute of Technology and Science, Vellore",Tamil Nadu,Vellore,Vellore,Engineering,Private,True,active,False,True,2027-10-24,2011.0,3-6957493587,2026-08-07,,
INST_0225,"Government School of Architecture, Vizianagaram",Andhra Pradesh,Vizianagaram,Vizianagaram,Architecture,Govt,True,active,True,False,,2022.0,5-2852442197,2026-07-28,,
INST_0226,"Chaitanya Engineering College, Vijayawada",Andhra Pradesh,Vijayawada,Vijayawada,Engineering,Private,False,closed,False,False,,1978.0,7-7306873055,2026-07-17,,
INST_0227,"SRM Polytechnic, South Delhi",Delhi,South Delhi,South Delhi,Polytechnic,Private,True,active,False,True,2028-04-06,1981.0,8-9625192773,2026-05-24,,
INST_0228,"K.S.R. Institute of Science and Technology, Ajmer",Rajasthan,Ajmer,Ajmer,Engineering,Private,True,active,False,False,,1978.0,5-9765666766,2026-08-10,,
INST_0229,"Vishwakarma Institute of Science and Technology, Ballari",Karnataka,Ballari,Ballari,Engineering,Private,True,active,False,True,2029-07-24,2023.0,2-9101334475,2026-07-08,,
INST_0230,"Government College of Pharmacy, Gwalior",Madhya Pradesh,Gwalior,Gwalior,Pharmacy,Govt,True,active,True,False,,1979.0,3-4057244187,2026-06-06,,
INST_0231,"Vignan Institute of Engineering and Technology, Davanagere",Karnataka,Davanagere,Davanagere,Engineering,Private,True,active,False,False,,1980.0,6-7997474458,2026-07-28,,
INST_0232,"Government Institute of Management, Cuttack",Odisha,Cuttack,Cuttack,Management,Govt,True,active,False,False,,2001.0,7-4252546781,2026-07-04,,
INST_0233,CVR Institute of Engineering & Technology,West Bengal,Howrah,Howrah,Engineering,Private,False,closed,False,False,,2003.0,2-2027894297,2026-06-08,,
INST_0234,"Government Polytechnic, Panipat",Haryana,Panipat,Panipat,Polytechnic,Govt,False,active,False,False,,1999.0,5-9323560022,2026-07-19,,
INST_0235,"NMAM School of Business Administration, Jalandhar",Punjab,Jalandhar,Jalandhar,Management,Private,True,active,False,False,,1966.0,1-9776458812,2026-08-01,,
INST_0236,"Manipal Institute of Management Studies, Karimnagar",Telangana,Karimnagar,Karimnagar,Management,Private,True,active,False,False,,2005.0,3-4075971470,2026-07-04,,
INST_0237,"K.S.R. Institute of Science and Technology, Raipur",Chhattisgarh,Raipur,Raipur,Engineering,Private,True,active,False,False,,2021.0,1-8101730607,2026-07-30,,
INST_0238,"PES Institute of Technology, Srinagar",Jammu And Kashmir,Srinagar,Srinagar,Engineering,Private,True,active,False,True,2027-04-16,1981.0,4-5780485929,2026-08-02,,
INST_0239,"Government College of Engineering, Tirunelveli.",Tamil Nadu,Tirunelveli,Tirunelveli,Engineering,Govt,True,active,False,True,2029-09-15,1987.0,8-7490933245,2026-07-17,,
INST_0240,"Kalasalingam College of Engineering, Khammam",Telangana,Khammam,Khammam,Engineering,Private,True,active,False,False,,1977.0,7-2858116963,2026-07-27,,
INST_0241,"Government Engineering College, Vizianagaram",Andhra Pradesh,Vizianagaram,Vizianagaram,Engineering,Govt,,unapproved,False,True,2027-02-05,1980.0,2-7081565859,2026-07-01,,
INST_0242,Karaikal Government College of Engineering,Puducherry,Karaikal,Karaikal,Engineering,Govt,False,closed,False,True,2025-05-04,1971.0,3-5248262599,2026-06-15,,
INST_0243,"Girijananda Chowdhury Institute of Management and Technology, Faridabad",Haryana,Faridabad,Faridabad,Management,Private,True,active,True,True,2024-05-13,2008.0,7-1492556806,2026-07-08,,
INST_0244,"NMAM Institute of Technology, Hubballi",Karnataka,Hubballi,Hubballi,Engineering,Private,True,active,False,False,,2011.0,4-2182349906,2026-05-21,,
INST_0245,"GOVERNMENT INSTITUTE OF MANAGEMENT, UDAIPUR",Rajasthan,Udaipur,Udaipur,Management,Govt,True,active,False,False,,2012.0,8-3505315710,2026-06-29,,
INST_0246,"Government College of Engineering, Rajkot",Gujarat,Rajkot,Rajkot,Engineering,Govt,True,active,False,False,,1981.0,6-4626429840,2026-07-20,,
INST_0247,"Government School of Architecture, Varanasi",Uttar Pradesh,Varanasi,Varanasi,Architecture,Govt,True,active,False,True,2030-03-18,2004.0,4-6086825137,2026-07-08,,
INST_0248,"Geethanjali Institute of Management Studies, Sagar",Madhya Pradesh,Sagar,Sagar,Management,Private,,unapproved,False,False,,1966.0,6-9162290320,2026-08-03,,
INST_0249,"G.L. Bajaj College of Pharmacy, Junagadh",Gujarat,Junagadh,Junagadh,Pharmacy,Private,False,closed,False,False,,2003.0,7-7718658054,2026-07-11,,
INST_0250,"Kongu Institute of Engineering and Management, Guwahati",Assam,Guwahati,Guwahati,Engineering,Private,True,active,False,True,2030-04-22,1993.0,5-1168113563,2026-07-07,,
INST_0251,"Thiagarajar Pharmacy College, Kolhapur.",Maharashtra,Kolhapur,Kolhapur,Pharmacy,Private,False,closed,False,True,2026-11-11,1974.0,2-7197174041,2026-07-24,,
INST_0252,"Government Engineering College, Kadapa",Andhra Pradesh,Kadapa,Kadapa,Engineering,Govt,True,active,False,False,,1997.0,2-2787328048,2026-07-13,,
INST_0253,"Lokmanya Engg. College, Gwalior",Madhya Pradesh,Gwalior,Gwalior,Engineering,Private,True,active,False,True,2028-11-14,1995.0,8-3114158691,2026-06-25,,
INST_0254,"SRM Engineering College, Karimnagar",Telangana,Karimnagar,Karimnagar,Engineering,Private,True,active,False,False,,2018.0,7-6038116416,2026-07-23,,
INST_0255,Government College of Engineering,Himachal Pradesh,Shimla,Shimla,Engineering,Govt,True,active,False,False,,1995.0,4-2881478106,2026-07-08,,
INST_0256,"Vishwakarma Institute of Technology and Science, Nashik",Maharashtra,Nashik,Nashik,Engineering,Private,True,active,False,False,,2023.0,5-5627356871,2026-07-08,,
INST_0257,"Government Institute of Pharmaceutical Sciences, Salem",Tamil Nadu,Salem,Salem,Pharmacy,Govt,True,active,False,False,,1995.0,8-1652701582,2026-07-30,,
INST_0258,"Government College of Management Studies, Guntur",Andhra Pradesh,Guntur,Guntur,Management,Govt,True,active,False,True,2027-09-13,1963.0,6-9619412183,2026-07-19,,
INST_0259,"Government College of Engineering, Ahmedabad",Gujarat,Ahmedabad,Ahmedabad,Engineering,Govt,True,active,False,False,,1987.0,2-6444766573,2026-06-14,,
INST_0260,"Siddhartha Institute of Engineering and Polytechnic, Lucknow",Uttar Pradesh,Lucknow,Lucknow,Polytechnic,Private,,active,False,True,2024-05-24,1975.0,7-3623795108,2026-08-12,,
INST_0261,"Jain College of Pharmacy, Ujjain",Madhya Pradesh,Ujjain,Ujjain,Pharmacy,Private,True,active,True,False,,1967.0,2-1637352248,2026-08-01,,
INST_0262,"Vasavi Institute of Business Management, Balasore",Odisha,Balasore,Balasore,Management,Private,False,closed,True,False,,1962.0,5-1804119761,2026-07-05,,
INST_0263,"Shri College of Engineering and Technology, Vizianagaram",Andhra Pradesh,Vizianagaram,Vizianagaram,Engineering,Private,True,active,False,False,,1987.0,3-2921618869,2026-08-14,,
INST_0264,"Kalasalingam School of Planning and Architecture, Lucknow",Uttar Pradesh,Lucknow,Lucknow,Architecture,Private,True,active,False,False,,1989.0,7-8326846078,2026-05-23,,
INST_0265,"Government School of Architecture, Ballari",Karnataka,Ballari,Ballari,Architecture,Govt,,unapproved,False,True,2030-01-13,2008.0,7-5756692807,2026-07-08,,
INST_0266,"Vasavi Business School, Madurai",Tamil Nadu,Madurai,Madurai,Management,Private,True,active,False,False,,1972.0,5-9570256543,2026-06-24,,
INST_0267,"Shri Institute of Engineering and Polytechnic, Kurnool",Andhra Pradesh,Kurnool,Kurnool,Polytechnic,Private,True,active,False,False,,2023.0,8-4895560002,2026-07-07,,
INST_0268,"Amrita Institute of Engineering and Management, Junagadh",Gujarat,Junagadh,Junagadh,Engineering,Private,True,active,True,False,,1991.0,3-5533619135,2026-06-15,,
INST_0269,"G.L. Bajaj College of Engineering and Technology, Varanasi",Uttar Pradesh,Varanasi,Varanasi,Autonomous,Private,True,active,False,True,2024-11-23,2012.0,3-7675742245,2026-06-04,,
INST_0270,"Saveetha Engineering College and Technology, Allahabad",Uttar Pradesh,Allahabad,Allahabad,Engineering,Private,True,active,True,False,,1978.0,4-1419041381,2026-06-08,,
INST_0271,"K.S.R. Institute of Technology, Visakhapatnam",Andhra Pradesh,Visakhapatnam,Visakhapatnam,Engineering,Private,False,closed,False,True,2026-05-17,2017.0,5-5177775973,2026-06-21,,
INST_0272,"Government Institute of Management, Rajkot",Gujarat,Rajkot,Rajkot,Management,Govt,True,active,False,False,,1995.0,1-7427219933,2026-08-03,,
INST_0273,"Lokmanya Institute of Engineering and Management, Kurukshetra",Haryana,Kurukshetra,Kurukshetra,Engineering,Private,True,active,False,False,,2006.0,5-5930557595,2026-06-28,,
INST_0274,"Government Engineering College, Aizawl",Mizoram,Aizawl,Aizawl,Engineering,Govt,True,active,True,True,2028-02-11,2015.0,1-9475100823,2026-07-04,,
INST_0275,"Kalasalingam College of Management Studies, Meerut",Uttar Pradesh,Meerut,Meerut,Management,Private,True,active,False,False,,1970.0,1-9050751169,2026-06-14,,
INST_0276,"Government Engineering College, Kurnool",Andhra Pradesh,Vijayawada,Vijayawada,Engineering,Govt,True,active,False,True,2028-08-13,1965.0,3-5254171877,2026-06-30,,
INST_0277,"Ideal Business School, Gurugram",Haryana,Gurugram,Gurugram,Management,Private,True,active,False,True,2029-03-19,2002.0,5-1086266942,2026-07-05,,
INST_0278,"Anurag Institute of Engineering and Management, Ahmedabad.",Gujarat,Ahmedabad,Ahmedabad,Engineering,Private,True,active,False,True,2030-09-21,1968.0,6-4125249337,2026-06-26,,
INST_0279,BENGALURU GOVERNMENT ENGINEERING COLLEGE,Karnataka,Bengaluru,Bengaluru,Engineering,Govt,True,active,False,False,,1989.0,4-8748127945,2026-06-18,,
INST_0280,"Kalasalingam Institute of Engineering and Technology, Belagavi",Karnataka,Belagavi,Belagavi,Engineering,Private,True,active,False,False,,1990.0,5-9416717903,2026-06-07,,
INST_0281,"Vishwakarma Institute of Pharmacy, Bhubaneswar",Odisha,Bhubaneswar,Bhubaneswar,Pharmacy,Private,True,active,False,False,,1989.0,4-7460839774,2026-08-13,,
INST_0282,"Government Engineering College, Siddipet",Telangana,Adilabad,Adilabad,Engineering,Govt,True,active,False,False,,2006.0,7-7567234150,2026-07-23,,
INST_0283,"Sri Indu College of Architecture, Guwahati",Assam,Guwahati,Guwahati,Architecture,Private,True,active,False,False,,1967.0,6-7139920570,2026-06-06,,
INST_0284,"Government College of Pharmacy, Salem",Tamil Nadu,Salem,Salem,Pharmacy,Govt,True,active,False,False,,1989.0,3-5874403450,2026-06-24,,
INST_0285,"Lendi Institute of Engineering and Technology, Haldia",West Bengal,Haldia,Haldia,Engineering,Private,True,active,False,False,,1969.0,6-6116354840,2026-07-02,,
INST_0286,"Rajalakshmi Institute of Technology, Kanpur",Uttar Pradesh,Kanpur,Kanpur,Engineering,Private,True,active,False,False,,1960.0,5-9391027684,2026-07-01,,
INST_0287,"Srinivasa College of Architecture, Thanjavur",Tamil Nadu,Thanjavur,Thanjavur,Architecture,Private,True,active,False,True,2025-09-04,1986.0,7-1846953361,2026-06-11,,
INST_0288,"Kalasalingam College of Architecture and Planning, Durgapur",West Bengal,Durgapur,Durgapur,Architecture,Private,True,active,False,True,2026-08-25,1974.0,7-4221021890,2026-05-29,,
INST_0289,"Manipal Institute of Engineering and Technology, Bilaspur",Chhattisgarh,Bilaspur,Bilaspur,Engineering,Private,True,active,False,False,,1991.0,2-8902422802,2026-08-10,,
INST_0290,"Vels Institute of Polytechnic Studies, Balasore",Odisha,Balasore,Balasore,Polytechnic,Private,True,active,False,False,,1994.0,2-4952863465,2026-05-22,,
INST_0291,"Government Engineering College, Coimbatore",Tamil Nadu,Thanjavur,Thanjavur,Engineering,Govt,True,active,False,False,,1963.0,8-5471503478,2026-08-16,,
INST_0292,"Reva Institute of Technology, Gwalior",Madhya Pradesh,Gwalior,Gwalior,Engineering,Private,True,active,False,True,2027-03-28,2014.0,5-5895006092,2026-07-10,,
INST_0293,"Anurag Institute of Technology and Science, Aurangabad",Maharashtra,Aurangabad,Aurangabad,Engineering,Private,True,active,False,False,,1985.0,6-7400184469,2026-07-08,,
INST_0294,"Indian Institute of Information Technology, Pune",Maharashtra,Pune,Pune,Autonomous,Govt,True,active,False,False,,1960.0,1-2416662451,2026-06-24,,
INST_0295,"Lokmanya Institute of Pharmaceutical Sciences, Rewa",Madhya Pradesh,Rewa,Rewa,Pharmacy,Private,True,active,False,True,2028-02-27,2009.0,8-7656566213,2026-07-23,,
INST_0296,"Galgotias Engineering College, Karimnagar",Telangana,Karimnagar,Karimnagar,Autonomous,Private,True,active,False,False,,1976.0,1-9400164215,2026-07-18,,
INST_0297,"Government College of Engineering, Siliguri",West Bengal,Siliguri,Siliguri,Engineering,Govt,True,active,False,False,,1978.0,8-6626969843,2026-05-30,,
INST_0298,"Sri Indu Institute of Science and Technology, Anantapur",Andhra Pradesh,Anantapur,Anantapur,Engineering,Private,True,active,False,True,2030-07-21,2001.0,8-3427653989,2026-08-02,,
INST_0299,Symbiosis Institute of Engineering & Management,Gujarat,Rajkot,Rajkot,Engineering,Private,True,active,False,True,2026-10-01,1990.0,7-7050033066,2026-07-12,,
INST_0300,"Galgotias College of Pharmacy and Research, Muzaffarpur",Bihar,Muzaffarpur,Muzaffarpur,Pharmacy,Private,True,active,False,False,,2001.0,8-9975784846,2026-05-20,,
INST_0301,"Siddhartha School of Management, Patna",Bihar,Patna,Patna,Management,Private,True,active,True,True,2024-02-26,2011.0,7-1781211220,2026-07-28,,
INST_0302,"Matrusri Institute of Engineering and Management, Srinagar",Jammu And Kashmir,Srinagar,Srinagar,Engineering,Private,False,closed,False,True,2025-01-13,2006.0,2-2707152885,2026-06-25,,
INST_0303,"Thapar Engineering College, Ajmer",Rajasthan,Ajmer,Ajmer,Engineering,Private,True,active,True,False,,1978.0,1-4291751469,2026-05-18,,
INST_0304,"Amity Business School, Kannur",Kerala,Kannur,Kannur,Management,Private,True,active,False,False,,1966.0,5-6480095292,2026-06-21,,
INST_0305,"Government College of Engineering, Lucknow",Uttar Pradesh,Lucknow,Lucknow,Engineering,Govt,True,active,False,True,2026-11-16,2005.0,5-9701313272,2026-08-11,,
INST_0306,"Kalasalingam Institute of Polytechnic, Jamshedpur",Jharkhand,Jamshedpur,Jamshedpur,Polytechnic,Private,True,active,False,False,,2011.0,1-9434382741,2026-08-14,,
INST_0307,"Government Institute of Applied Arts, West Delhi",Delhi,West Delhi,West Delhi,Applied Arts,Govt,,unapproved,False,False,,2013.0,4-3449106801,2026-06-04,,
INST_0308,"Kakatiya Institute of Engineering and Technology, Vijayawada",Andhra Pradesh,Vijayawada,Vijayawada,Engineering,Private,True,active,False,False,,1970.0,8-2432113242,2026-06-21,,
INST_0309,"Government Institute of Management, Pune",Maharashtra,Pune,Pune,Management,Govt,True,active,False,False,,1970.0,2-9136946082,2026-06-03,,
INST_0310,"KLE Institute of Technology and Science, Gwalior",Madhya Pradesh,Gwalior,Gwalior,Autonomous,Govt,True,active,False,False,,2020.0,3-4621304046,2026-07-06,,
INST_0311,Kanpur Sardar Institute of Business Management,Uttar Pradesh,Kanpur,Kanpur,Management,Private,False,closed,True,False,,2007.0,3-4857812590,2026-06-14,,
INST_0312,"Hindustan College of Engineering, Ajmer",Rajasthan,Ajmer,Ajmer,Engineering,Private,True,active,False,False,,2005.0,3-8729882609,2026-06-11,,
INST_0313,"Kalinga Pharmacy College, Sagar",Madhya Pradesh,Sagar,Sagar,Pharmacy,Private,False,closed,True,False,,1985.0,7-5356044106,2026-06-05,,
INST_0314,"Lovely Institute of Engineering and Management, Dimapur",Nagaland,Dimapur,Dimapur,Engineering,Private,True,active,False,True,2027-01-10,2020.0,4-8307374580,2026-08-05,,
INST_0315,"Government College of Engineering, Bhagalpur",Bihar,Bhagalpur,Bhagalpur,Engineering,Govt,True,active,False,False,,1976.0,8-1463498912,2026-06-29,,
INST_0316,"Vels Institute of Technology, Junagadh",Gujarat,Junagadh,Junagadh,Engineering,Private,True,active,False,False,,2011.0,6-6265015781,2026-06-12,,
INST_0317,"Government College of Pharmacy, Nizamabad",Telangana,Nizamabad,Nizamabad,Pharmacy,Govt,True,active,False,True,2029-02-19,2004.0,3-3599067095,2026-05-23,,
INST_0318,"Thapar Institute of Technology, Nagpur",Maharashtra,Nagpur,Nagpur,Engineering,Private,True,active,False,False,,1961.0,1-2004709098,2026-06-04,,
INST_0319,Rourkela Sreenidhi School of Management,Odisha,Rourkela,Rourkela,Management,Private,True,active,False,True,2030-01-15,2014.0,7-7300212801,2026-06-19,,
INST_0320,"Vasavi Institute of Engineering and Management, Jodhpur",Rajasthan,Jodhpur,Jodhpur,Engineering,Private,True,active,False,False,,2001.0,6-5460998572,2026-06-21,,
INST_0321,"CVR Institute of Engineering and Polytechnic, Kolhapur",Maharashtra,Kolhapur,Kolhapur,Polytechnic,Private,True,active,False,True,2024-10-29,1960.0,5-4624593276,2026-07-30,,
INST_0322,"Hindustan Institute of Technology and Science, Allahabad",Uttar Pradesh,Allahabad,Allahabad,Engineering,Private,False,closed,False,True,2024-11-09,1975.0,2-5276056328,2026-08-11,,
INST_0323,"BMS Engineering College, Thrissur",Kerala,Thrissur,Thrissur,Autonomous,Private,True,active,False,True,2028-03-10,1994.0,2-9982493027,2026-06-19,,
INST_0324,"RV Institute of Management and Technology, Chennai",Tamil Nadu,Chennai,Chennai,Management,Private,True,active,False,False,,1997.0,3-9187862852,2026-07-26,,
INST_0325,"Rajalakshmi Institute of Management and Technology, Amravati",Maharashtra,Amravati,Amravati,Management,Private,,unapproved,False,False,,1960.0,5-1181241178,2026-06-26,,
INST_0326,"Amity Institute of Technology and Science, Salem",Tamil Nadu,Salem,Salem,Engineering,Private,True,active,False,False,,1988.0,4-6266742921,2026-08-13,,
INST_0327,"Srinivasa Engineering College, Agra",Uttar Pradesh,Agra,Agra,Engineering,Private,True,active,False,True,2028-11-17,1993.0,8-6493420665,2026-05-26,,
INST_0328,"Amity College of Engineering, Silchar",Assam,Silchar,Silchar,Engineering,Private,True,active,True,True,2028-11-22,1995.0,7-3220236439,2026-07-01,,
INST_0329,"Bharath College of Engineering, Coimbatore",Tamil Nadu,Coimbatore,Coimbatore,Engineering,Private,True,active,True,False,,1964.0,2-4268340698,2026-07-20,,
INST_0330,"Matrusri School of Business Administration, Khammam",Telangana,Khammam,Khammam,Management,Private,True,active,False,True,2029-11-22,1977.0,5-1997977312,2026-07-29,,
INST_0331,"Vaagdevi School of Architecture, Sagar",Madhya Pradesh,Sagar,Sagar,Architecture,Private,True,active,False,False,,1974.0,1-2694543871,2026-08-13,,
INST_0332,"Government College of Engineering, Bathinda",Punjab,Mohali,Mohali,Engineering,Govt,True,active,False,False,,2007.0,8-4710191901,2026-07-28,,
INST_0333,"Vasavi College of Engineering and Technology, Purnia",Bihar,Purnia,Purnia,Engineering,Private,True,active,False,False,,2022.0,7-3234534738,2026-07-12,,
INST_0334,"Government Institute of Management, Karimnagar",Telangana,Karimnagar,Karimnagar,Management,Govt,True,active,False,True,2027-08-20,2016.0,3-6999118408,2026-08-03,,
INST_0335,"Government College of Engineering, Kharagpur",West Bengal,Kharagpur,Kharagpur,Engineering,Govt,True,active,False,False,,2013.0,4-5625072062,2026-06-14,,
INST_0336,"NMAM Institute of Technology and Science, Mysuru",Karnataka,Mysuru,Mysuru,Engineering,Private,True,active,False,False,,1997.0,5-3832142503,2026-07-17,,
INST_0337,"Lokmanya College of Pharmacy and Research, Ghaziabad",Uttar Pradesh,Ghaziabad,Ghaziabad,Pharmacy,Private,True,active,False,True,2025-01-25,2001.0,1-7252280196,2026-07-30,,
INST_0338,"Andhra College of Management Studies, Junagadh",Gujarat,Junagadh,Junagadh,Management,Private,True,active,False,True,2029-01-20,2011.0,8-7777458358,2026-07-27,,
INST_0339,"Matrusri Engineering College, Jorhat",Assam,Jorhat,Jorhat,Engineering,Private,False,closed,False,True,2029-07-09,2006.0,6-2843326956,2026-08-07,,
INST_0340,"Raghu Institute of Management and Technology, Ghaziabad",Uttar Pradesh,Ghaziabad,Ghaziabad,Management,Private,True,active,False,False,,1993.0,3-6467199366,2026-06-11,,
INST_0341,"Nitte College of Engineering, Meerut",Uttar Pradesh,Meerut,Meerut,Engineering,Private,True,active,False,False,,1975.0,4-2142741853,2026-08-04,,
INST_0342,"Shri College of Applied Arts, New Delhi",Delhi,New Delhi,New Delhi,Applied Arts,Private,False,closed,False,False,,2014.0,5-2521257432,2026-06-13,,
INST_0343,"Government College of Architecture, Vijayawada",Andhra Pradesh,Vijayawada,Vijayawada,Architecture,Govt,True,active,False,False,,2021.0,1-9396124499,2026-06-08,,
INST_0344,"SRM College of Engineering, Balasore",Odisha,Balasore,Balasore,Engineering,Private,True,active,False,True,2025-11-07,1984.0,6-1956702341,2026-08-05,,
INST_0345,"RV School of Management, Haldia",West Bengal,Haldia,Haldia,Management,Private,True,active,False,True,2024-07-29,2001.0,6-7580953860,2026-08-16,,
INST_0346,Siddipet Government Institute of Management,Telangana,Siddipet,Siddipet,Management,Govt,True,active,False,False,,2017.0,6-9582051140,2026-06-12,,
INST_0347,"NMAM Institute of Management Studies, Tirunelveli",Tamil Nadu,Tirunelveli,Tirunelveli,Management,Private,True,active,True,True,2025-03-28,2000.0,6-1726000460,2026-05-23,,
INST_0348,"Government Institute of Management, Jaipur",Rajasthan,Jaipur,Jaipur,Management,Govt,True,active,False,False,,1983.0,3-9123146276,2026-08-09,,
INST_0349,"Government College of Engineering, Nagpur",Maharashtra,Nagpur,Nagpur,Engineering,Govt,True,active,False,False,,1989.0,1-5384110116,2026-08-14,,
INST_0350,"KLE Engineering College, Vadodara",Gujarat,Vadodara,Vadodara,Engineering,Private,True,active,False,False,,1998.0,5-3255536095,2026-06-14,,
INST_0351,"Sree Dattha Institute of Technology and Science, Durgapur",West Bengal,Durgapur,Durgapur,Engineering,Private,True,active,False,True,2024-11-26,1977.0,2-5212259745,2026-05-23,,
INST_0352,"Sri Indu College of Pharmacy and Research, Davanagere",Karnataka,Davanagere,Davanagere,Pharmacy,Private,True,active,False,False,,2020.0,2-3419389520,2026-07-09,,
INST_0353,"Sree Dattha Institute of Technology, Ballari",Karnataka,Ballari,Ballari,Engineering,Private,True,active,True,False,,1961.0,5-9178580806,2026-05-24,,
INST_0354,"Kakatiya Engineering College, Pune",Maharashtra,Pune,Pune,Engineering,Private,True,active,False,False,,1986.0,3-3497094199,2026-07-01,,
INST_0355,"Government Institute of Management, Puducherry",Puducherry,Puducherry,Puducherry,Management,Govt,True,active,False,True,2026-04-20,1998.0,4-5664461498,2026-08-16,,
INST_0356,"Government Institute of Management, Madurai",Tamil Nadu,Madurai,Madurai,Management,Govt,True,active,True,False,,1996.0,7-5063443620,2026-08-07,,
INST_0357,"Government Engineering College, Salem",Tamil Nadu,Coimbatore,Coimbatore,Engineering,Govt,True,active,False,True,2025-09-17,1965.0,7-5362283811,2026-06-06,,
INST_0358,"Dayananda Sagar Institute of Engineering and Management, Kadapa",Andhra Pradesh,Kadapa,Kadapa,Engineering,Private,,unapproved,False,False,,2003.0,2-7503432685,2026-06-26,,
INST_0359,"PES School of Business Administration, Thrissur",Kerala,Thrissur,Thrissur,Management,Private,True,active,True,False,,1977.0,3-4551673717,2026-05-31,,
INST_0360,"Government College of Engineering, Nizamabad",Telangana,Siddipet,Siddipet,Engineering,Govt,True,active,False,True,2025-05-13,1998.0,5-2106112101,2026-05-21,,
INST_0361,"GOVERNMENT COLLEGE OF ARCHITECTURE, SILIGURI.",West Bengal,Siliguri,Siliguri,Architecture,Govt,True,active,False,False,,1974.0,6-1570819025,2026-08-02,,
INST_0362,"Karunya Engineering College, Siddipet",Telangana,Siddipet,Siddipet,Engineering,Private,True,active,False,False,,1991.0,1-9206776155,2026-05-18,,
INST_0363,"Ideal Institute of Management and Technology, Junagadh",Gujarat,Junagadh,Junagadh,Management,Private,True,active,False,True,2025-12-19,2017.0,8-1720663405,2026-06-03,,
INST_0364,"Hindustan Business School, Gwalior",Madhya Pradesh,Gwalior,Gwalior,Management,Private,False,closed,False,True,2030-07-12,2014.0,3-6113394487,2026-07-10,,
INST_0365,"Malla Reddy Pharmacy College, Tezpur",Assam,Tezpur,Tezpur,Pharmacy,Private,True,active,False,False,,2010.0,1-7575899383,2026-07-03,,
INST_0366,"Government Engineering College, Chennai",Tamil Nadu,Salem,Salem,Engineering,Govt,True,active,False,True,2027-11-28,1986.0,1-2680445453,2026-06-18,,
INST_0367,BMS Inst. of Tech.,West Bengal,Bardhaman,Bardhaman,Engineering,Private,True,active,False,False,,1976.0,8-2735318126,2026-07-24,,
INST_0368,"Sri Sathya Sai College of Management Studies, South Delhi",Delhi,South Delhi,South Delhi,Management,Private,True,active,False,False,,2017.0,7-3254911515,2026-05-20,,
INST_0369,"Sharda Inst. of Engg. and Management, Vadodara",Gujarat,Vadodara,Vadodara,Engineering,Private,True,active,False,False,,2000.0,3-1661696235,2026-08-04,,
INST_0370,"Vishwakarma Institute of Technology & Science, Jorhat",Assam,Jorhat,Jorhat,Engineering,Private,True,active,True,True,2025-11-05,1971.0,1-8424104327,2026-07-15,,
INST_0371,"Sree Dattha Institute of Management Studies, Rohtak",Haryana,Rohtak,Rohtak,Management,Private,True,active,False,True,2027-12-06,1962.0,8-1511699492,2026-06-14,,
INST_0372,"Government Engineering College, Varanasi.",Uttar Pradesh,Varanasi,Varanasi,Engineering,Govt,True,active,True,True,2026-03-07,1998.0,4-2414286156,2026-05-19,,
INST_0373,"Government Institute of Management, Vizianagaram",Andhra Pradesh,Vizianagaram,Vizianagaram,Management,Govt,True,active,False,False,,1994.0,5-7774785660,2026-06-30,,
INST_0374,"Nitte College of Fine and Applied Arts, Kota",Rajasthan,Kota,Kota,Applied Arts,Private,True,active,False,False,,1977.0,5-1710988024,2026-06-07,,
INST_0375,"Malla Reddy School of Architecture, Karaikal",Puducherry,Karaikal,Karaikal,Architecture,Private,True,active,False,False,,1960.0,2-8406531003,2026-06-14,,
INST_0376,"Manipal Institute of Polytechnic, Mysuru",Karnataka,Mysuru,Mysuru,Polytechnic,Private,True,active,False,False,,1987.0,1-5234102351,2026-06-15,,
INST_0377,"Shri Institute of Engineering and Management, Siddipet",Telangana,Siddipet,Siddipet,Engineering,Private,True,active,True,False,,1977.0,4-4645767208,2026-05-29,,
INST_0378,"Anurag Engineering College, Madurai",Tamil Nadu,Madurai,Madurai,Engineering,Private,True,active,False,False,,2009.0,2-5624865207,2026-07-20,,
INST_0379,"Government College of Architecture, Indore",Madhya Pradesh,Indore,Indore,Architecture,Govt,True,active,False,False,,1972.0,1-7877666642,2026-07-29,,
INST_0380,"Government Institute of Management, Kadapa",Andhra Pradesh,Kadapa,Kadapa,Management,Govt,True,active,True,False,,1996.0,1-3694884972,2026-05-19,,
INST_0381,"Government Institute of Pharmaceutical Sciences, Jalandhar",Punjab,Jalandhar,Jalandhar,Pharmacy,Govt,False,closed,True,True,2026-02-03,1992.0,1-9801995387,2026-06-13,,
INST_0382,Government Engineering College.,Kerala,Thiruvananthapuram,Thiruvananthapuram,Engineering,Govt,True,active,False,True,2030-04-04,1977.0,7-1523801839,2026-06-16,,
INST_0383,"Government College of Management Studies, Varanasi",Uttar Pradesh,Varanasi,Varanasi,Management,Govt,True,active,False,True,2024-08-06,1981.0,7-8225846502,2026-05-28,,
INST_0384,"Sree Dattha Institute of Business Management, Bilaspur",Chhattisgarh,Bilaspur,Bilaspur,Management,Private,True,active,False,False,,2004.0,5-8250779568,2026-06-22,,
INST_0385,"Siddhartha Engineering College, Varanasi",Uttar Pradesh,Varanasi,Varanasi,Engineering,Private,False,closed,False,False,,2013.0,4-6704751030,2026-06-15,,
INST_0386,"Government Engineering College, Bikaner",Rajasthan,Bikaner,Bikaner,Engineering,Govt,True,active,False,True,2028-08-18,1978.0,1-4273852628,2026-06-10,,
INST_0387,"KLE Institute of Management Studies, Cuttack",Odisha,Cuttack,Cuttack,Management,Private,True,active,True,True,2028-02-29,1994.0,6-2084379614,2026-05-30,,
INST_0388,"Sathyabama School of Planning and Architecture, Raipur",Chhattisgarh,Raipur,Raipur,Architecture,Private,True,active,True,False,,1974.0,3-7240374844,2026-06-05,,
INST_0389,"Government College of Engineering, Chennai",Tamil Nadu,Chennai,Chennai,Engineering,Govt,True,active,False,False,,1977.0,5-2283240115,2026-05-21,,
INST_0390,"Government Polytechnic, North Delhi",Delhi,North Delhi,North Delhi,Polytechnic,Govt,True,active,False,False,,2012.0,6-6421280277,2026-07-17,,
INST_0391,"Government Engineering College, Pune",Maharashtra,Pune,Pune,Engineering,Govt,True,active,False,False,,1984.0,7-9148476932,2026-06-10,,
INST_0392,"KLE College of Engineering and Technology, Nashik",Maharashtra,Nashik,Nashik,Engineering,Private,False,closed,False,True,2024-09-06,1986.0,1-8933913028,2026-06-02,,
INST_0393,"Reva Institute of Technology and Science, Howrah",West Bengal,Howrah,Howrah,Engineering,Private,True,active,True,True,2024-04-22,1961.0,3-7467344023,2026-05-23,,
INST_0394,"Vignan Institute of Science and Technology, Allahabad",Uttar Pradesh,Allahabad,Allahabad,Engineering,Private,True,active,False,False,,2011.0,1-1522690379,2026-07-27,,
INST_0395,"Chaitanya Institute of Science and Technology, Kozhikode",Kerala,Kozhikode,Kozhikode,Engineering,Private,True,active,False,True,2027-12-21,1992.0,1-9269575739,2026-08-12,,
INST_0396,"Bharath Inst. of Pharmaceutical Sciences, Siddipet",Telangana,Siddipet,Siddipet,Pharmacy,Private,False,closed,False,False,,1995.0,5-2287110902,2026-08-16,,
INST_0397,"Sharda School of Business Administration, Nizamabad",Telangana,Nizamabad,Nizamabad,Management,Private,True,active,False,True,2030-07-23,1997.0,8-5652741211,2026-06-27,,
INST_0398,"Government College of Pharmacy, Jodhpur",Rajasthan,Jodhpur,Jodhpur,Pharmacy,Govt,True,active,False,True,2025-02-24,2007.0,5-1133269987,2026-08-14,,
INST_0399,"Raghu College of Applied Arts, Junagadh",Gujarat,Junagadh,Junagadh,Applied Arts,Private,True,active,False,False,,2002.0,5-3608110390,2026-06-26,,
INST_0400,"Anurag Engineering College, Warangal",Telangana,Warangal,Warangal,Autonomous,Govt,True,active,False,False,,2005.0,1-6073855565,2026-08-02,,
INST_0401,"K.S.R. College of Engineering and Technology, Ghaziabad",Uttar Pradesh,Ghaziabad,Ghaziabad,Engineering,Private,True,active,False,False,,2021.0,7-5525036530,2026-07-18,,
INST_0402,"Government College of Engineering, Kollam",Kerala,Kollam,Kollam,Engineering,Govt,True,active,False,False,,1997.0,5-3314727079,2026-08-06,,
INST_0403,"Dr. B.R. Ambedkar Engineering College, Kolhapur",Maharashtra,Kolhapur,Kolhapur,Engineering,Private,True,active,False,False,,1969.0,8-2838841500,2026-07-09,,
INST_0404,"Amity College of Pharmacy and Research, Durgapur",West Bengal,Durgapur,Durgapur,Pharmacy,Private,True,active,False,True,2025-01-03,2006.0,1-7422312201,2026-06-23,,
INST_0405,"Government College of Engineering, Durgapur",West Bengal,Bardhaman,Bardhaman,Engineering,Govt,True,active,False,False,,1975.0,6-3222100205,2026-07-10,,
INST_0406,"Siddhartha Institute of Technology and Science, Nagpur",Maharashtra,Nagpur,Nagpur,Engineering,Private,True,active,False,True,2026-02-05,2020.0,3-3820001068,2026-07-01,,
INST_0407,"Government Engineering College, Udaipur",Rajasthan,Bikaner,Bikaner,Engineering,Govt,True,active,False,False,,2008.0,2-2826473363,2026-07-11,,
INST_0408,"Government College of Engineering, Gwalior",Madhya Pradesh,Gwalior,Gwalior,Engineering,Govt,True,active,False,True,2027-01-07,1998.0,2-2721635707,2026-05-29,,
INST_0409,"Lovely Institute of Technology, Meerut",Uttar Pradesh,Meerut,Meerut,Engineering,Private,True,active,False,False,,1985.0,4-6864297103,2026-07-03,,
INST_0410,"Government College of Pharmacy, Jalandhar",Punjab,Jalandhar,Jalandhar,Pharmacy,Govt,True,active,False,True,2029-11-02,2020.0,2-4670800483,2026-05-20,,
INST_0411,"Shri Institute of Technology and Science, Aurangabad",Maharashtra,Aurangabad,Aurangabad,Autonomous,Private,True,active,False,True,2030-01-29,2017.0,3-7481800882,2026-08-11,,
INST_0412,"Kalinga Institute of Engineering and Management, Solapur",Maharashtra,Solapur,Solapur,Engineering,Private,False,closed,True,False,,1967.0,1-9612746552,2026-05-18,,
INST_0413,"Government College of Engineering, Warangal",Telangana,Warangal,Warangal,Engineering,Govt,,unapproved,False,False,,1987.0,6-6368806510,2026-07-28,,
INST_0414,"Lokmanya College of Architecture, Hubballi",Karnataka,Hubballi,Hubballi,Architecture,Private,True,active,False,True,2030-03-11,1982.0,6-6776742698,2026-05-18,,
INST_0415,"Government School of Architecture, Udaipur",Rajasthan,Udaipur,Udaipur,Architecture,Govt,True,active,False,True,2024-01-08,1983.0,5-2312597678,2026-08-08,,
INST_0416,"SRI VENKATESWARA SCHOOL OF ARCHITECTURE, BENGALURU",Karnataka,Bengaluru,Bengaluru,Architecture,Private,True,active,False,True,2027-02-19,2019.0,2-1047781570,2026-07-20,,
INST_0417,"Government College of Engineering, Mysuru",Karnataka,Mysuru,Mysuru,Engineering,Govt,True,active,False,False,,1968.0,7-8316449760,2026-08-05,,
INST_0418,"Institute of Technology, Ghaziabad",Uttar Pradesh,Ghaziabad,Ghaziabad,Autonomous,Private,True,active,False,True,2029-06-02,2012.0,3-2359462188,2026-07-31,,
INST_0419,"Government Engineering College, Vijayawada",Andhra Pradesh,Vizianagaram,Vizianagaram,Engineering,Govt,True,active,False,False,,1987.0,2-5126748714,2026-07-14,,
INST_0420,"Government College of Architecture, Hyderabad",Telangana,Hyderabad,Hyderabad,Architecture,Govt,True,active,False,True,2030-10-08,1977.0,3-9630258715,2026-07-02,,
INST_0421,"Malla Reddy Institute of Technology and Science, Coimbatore.",Tamil Nadu,Coimbatore,Coimbatore,Engineering,Private,True,active,False,True,2025-05-29,2013.0,4-1274719375,2026-05-19,,
INST_0422,"Saveetha Institute of Engineering and Technology, Chennai",Tamil Nadu,Chennai,Chennai,Engineering,Private,True,active,False,False,,1997.0,8-6463836358,2026-06-12,,
INST_0423,"Srinivasa Institute of Engineering and Management, Anantapur",Andhra Pradesh,Anantapur,Anantapur,Engineering,Private,True,active,False,True,2026-03-22,1995.0,4-5625532154,2026-06-22,,
INST_0424,"Government College of Engineering, Mohali",Punjab,Mohali,Mohali,Engineering,Govt,True,active,False,True,2029-04-10,1967.0,6-1485228254,2026-06-20,,
INST_0425,"Anurag Institute of Science and Technology, Ranchi",Jharkhand,Ranchi,Ranchi,Engineering,Private,True,active,False,False,,2000.0,5-9189280840,2026-06-15,,
INST_0426,"GOVERNMENT COLLEGE OF MANAGEMENT STUDIES, HOWRAH",West Bengal,Howrah,Howrah,Management,Govt,True,active,False,False,,2004.0,1-5292467412,2026-06-23,,
INST_0427,"Geethanjali Institute of Technology, Hamirpur",Himachal Pradesh,Hamirpur,Hamirpur,Engineering,Private,True,active,True,True,2028-05-31,1988.0,6-8723709478,2026-06-07,,
INST_0428,"Galgotias Engineering College, Jabalpur",Madhya Pradesh,Jabalpur,Jabalpur,Engineering,Private,True,active,False,False,,1964.0,3-7895774375,2026-06-09,,
INST_0429,"Government School of Architecture, Nagpur",Maharashtra,Nagpur,Nagpur,Architecture,Govt,True,active,False,False,,1968.0,3-1475197168,2026-06-21,,
INST_0430,"Vaagdevi College of Engineering, Karimnagar",Telangana,Karimnagar,Karimnagar,Engineering,Private,True,active,False,False,,1961.0,7-1727946119,2026-05-28,,
INST_0431,"Amity Institute of Polytechnic Studies, Lucknow",Uttar Pradesh,Lucknow,Lucknow,Polytechnic,Private,True,active,True,True,2030-08-26,2007.0,4-5379733424,2026-07-02,,
INST_0432,"Sri Sathya Sai Engineering College, Thanjavur",Tamil Nadu,Thanjavur,Thanjavur,Autonomous,Govt,True,active,False,False,,1988.0,8-1787146382,2026-06-16,,
INST_0433,"Government Engineering College, Indore",Madhya Pradesh,Indore,Indore,Engineering,Govt,False,closed,True,False,,2012.0,4-6665139895,2026-05-27,,
INST_0434,"Government Institute of Management, Darbhanga",Bihar,Darbhanga,Darbhanga,Management,Govt,,unapproved,False,False,,1989.0,1-1336877256,2026-07-19,,
INST_0435,"Vasavi Business School, Ballari",Karnataka,Ballari,Ballari,Management,Private,True,active,False,True,2024-05-21,1987.0,7-5504161577,2026-08-16,,
INST_0436,"Government Engineering College, Davanagere",Karnataka,Davanagere,Davanagere,Engineering,Govt,True,active,False,False,,2006.0,6-3429083107,2026-07-08,,
INST_0437,"Amrita Institute of Pharmaceutical Sciences, Solapur",Maharashtra,Solapur,Solapur,Pharmacy,Private,True,active,False,True,2027-08-06,1975.0,5-6812735546,2026-05-23,,
INST_0438,Sardar Institute of Technology,Uttar Pradesh,Kanpur,Kanpur,Engineering,Private,True,active,False,False,,2004.0,1-6515318114,2026-05-19,,
INST_0439,"Government Engineering College, Visakhapatnam",Andhra Pradesh,Visakhapatnam,Visakhapatnam,Engineering,Govt,True,active,False,False,,2012.0,1-6751040840,2026-07-19,,
INST_0440,"Government College of Engineering, Thrissur",Kerala,Thrissur,Thrissur,Engineering,Govt,False,closed,False,False,,2000.0,7-5138867956,2026-08-16,,
INST_0441,"Christ Pharmacy College, Allahabad",Uttar Pradesh,Allahabad,Allahabad,Pharmacy,Private,,unapproved,True,True,2029-11-22,1997.0,2-9881953390,2026-07-27,,
INST_0442,"Government College of Management Studies, Mohali",Punjab,Mohali,Mohali,Management,Govt,True,active,False,False,,1975.0,2-9817335445,2026-06-18,,
INST_0443,"Sri Indu College of Engineering and Technology, Bengaluru",Karnataka,Bengaluru,Bengaluru,Engineering,Private,True,active,False,False,,2013.0,1-3044856083,2026-05-18,,
INST_0444,"Bharath College of Applied Arts, Nainital",Uttarakhand,Nainital,Nainital,Applied Arts,Private,True,active,False,False,,1970.0,5-2873568331,2026-07-17,,
INST_0445,"Government College of Management Studies, Tezpur",Assam,Tezpur,Tezpur,Management,Govt,True,active,False,False,,2004.0,4-9281980991,2026-07-22,,
INST_0446,"Government College of Engineering, Ujjain",Madhya Pradesh,Ujjain,Ujjain,Engineering,Govt,True,active,False,False,,1978.0,1-6001623538,2026-07-09,,
INST_0447,"Lendi Institute of Applied Arts, Berhampur",Odisha,Berhampur,Berhampur,Applied Arts,Private,True,active,False,True,2030-06-05,2010.0,1-6839638954,2026-06-14,,
INST_0448,"Chaitanya College of Fine and Applied Arts, Madurai",Tamil Nadu,Madurai,Madurai,Applied Arts,Private,True,active,True,True,2029-07-25,2012.0,3-2809210088,2026-06-28,,
INST_0449,"Manipal Institute of Technology and Science, Bengaluru",Karnataka,Bengaluru,Bengaluru,Engineering,Private,True,active,False,False,,1990.0,1-1713641379,2026-05-26,,
INST_0450,"Government College of Engineering, Vellore",Tamil Nadu,Salem,Salem,Engineering,Govt,True,active,False,False,,2019.0,3-3070472986,2026-07-28,,
INST_0451,"Government College of Management Studies, Ghaziabad",Uttar Pradesh,Ghaziabad,Ghaziabad,Management,Govt,True,active,False,False,,1968.0,3-2116239840,2026-05-20,,
INST_0452,"D.Y. Patil Institute of Management Studies, Hubballi",Karnataka,Hubballi,Hubballi,Management,Private,True,active,False,True,2025-03-08,1986.0,3-2075833737,2026-05-25,,
INST_0453,"BMS Inst. of Pharmaceutical Sciences, Davanagere",Karnataka,Davanagere,Davanagere,Pharmacy,Private,True,active,False,False,,1995.0,3-1364908176,2026-07-08,,
INST_0454,"Vishwakarma Institute of Engineering and Technology, Bilaspur",Chhattisgarh,Bilaspur,Bilaspur,Engineering,Private,True,active,False,False,,2010.0,7-1106559840,2026-08-07,,
INST_0455,"Girijananda Chowdhury College of Engineering and Technology, Vizianagaram",Andhra Pradesh,Vizianagaram,Vizianagaram,Engineering,Private,True,active,False,False,,1995.0,7-5747665867,2026-08-10,,
INST_0456,"D.Y. Patil College of Engineering and Technology, Amravati",Maharashtra,Amravati,Amravati,Engineering,Private,False,closed,False,False,,1974.0,4-7642592426,2026-06-09,,
INST_0457,"Government Institute of Management, Durgapur.",West Bengal,Durgapur,Durgapur,Management,Govt,True,active,True,False,,1964.0,1-1966344941,2026-07-15,,
INST_0458,"Government Engineering College, Vellore",Tamil Nadu,Vellore,Vellore,Engineering,Govt,True,active,False,False,,1980.0,6-8845770037,2026-07-01,,
INST_0459,BMS Institute of Technology,Maharashtra,Amravati,Amravati,Engineering,Private,True,active,False,False,,1993.0,2-6075527661,2026-07-22,,
INST_0460,"Kakatiya School of Management, Lucknow",Uttar Pradesh,Lucknow,Lucknow,Management,Private,True,active,False,True,2024-02-09,2012.0,3-7731784881,2026-07-06,,
INST_0461,"Government College of Architecture, Anantapur",Andhra Pradesh,Anantapur,Anantapur,Architecture,Govt,True,active,False,True,2026-01-06,2018.0,2-3612513321,2026-08-01,,
INST_0462,"Government College of Engineering, Hyderabad",Telangana,Nizamabad,Nizamabad,Engineering,Govt,True,active,True,True,2028-10-28,2003.0,6-8337224106,2026-08-01,,
INST_0463,"Lendi Institute of Polytechnic Studies, Tirunelveli",Tamil Nadu,Tirunelveli,Tirunelveli,Polytechnic,Private,True,active,False,True,2024-04-15,1995.0,8-9868577402,2026-06-27,,
INST_0464,"Government Engineering College, Bhubaneswar",Odisha,Bhubaneswar,Bhubaneswar,Engineering,Govt,True,active,False,False,,1997.0,3-6047372465,2026-07-20,,
INST_0465,"Indian Institute of Information Technology, Korba",Chhattisgarh,Korba,Korba,Autonomous,Private,True,active,True,True,2029-12-08,2009.0,1-4161350134,2026-06-28,,
INST_0466,Government Engineering College,Karnataka,Belagavi,Belagavi,Engineering,Govt,True,active,False,False,,1973.0,3-5247530671,2026-06-20,,
INST_0467,"Sri Indu Institute of Architecture and Planning, Vizianagaram",Andhra Pradesh,Vizianagaram,Vizianagaram,Architecture,Private,True,active,False,False,,1965.0,6-3895773921,2026-08-05,,
INST_0468,"Government Institute of Polytechnic Studies, Rajkot",Gujarat,Rajkot,Rajkot,Polytechnic,Govt,True,active,False,False,,1982.0,8-9136468123,2026-08-09,,
INST_0469,"NMAM Institute of Engineering and Management, Bengaluru",Karnataka,Bengaluru,Bengaluru,Engineering,Private,True,active,False,False,,2003.0,3-3911257572,2026-06-11,,
INST_0470,"Sardar Engineering College, Hyderabad",Telangana,Hyderabad,Hyderabad,Engineering,Private,False,closed,False,True,2026-11-01,1996.0,1-3841278551,2026-08-11,,
INST_0471,"Reva Engineering College, Tezpur",Assam,Tezpur,Tezpur,Engineering,Private,True,active,False,False,,1984.0,6-5011455898,2026-05-21,,
INST_0472,"Andhra Institute of Management Studies, Bokaro",Jharkhand,Bokaro,Bokaro,Management,Private,True,active,False,True,2025-07-12,2007.0,8-9157536339,2026-05-24,,
INST_0473,"Government Engineering College, Kolhapur",Maharashtra,Pune,Pune,Engineering,Govt,False,closed,False,False,,1961.0,7-6877077100,2026-06-19,,
INST_0474,"Government Polytechnic, Rourkela",Odisha,Rourkela,Rourkela,Polytechnic,Govt,False,closed,False,True,2025-03-27,1988.0,4-5059740042,2026-08-15,,
INST_0475,"Government College of Engineering, Ludhiana",Punjab,Ludhiana,Ludhiana,Engineering,Govt,False,closed,False,False,,1976.0,6-8832080366,2026-06-04,,
INST_0476,"Sri Indu College of Pharmacy, Ahmedabad",Gujarat,Ahmedabad,Ahmedabad,Pharmacy,Private,True,active,False,False,,1983.0,4-1848214447,2026-05-29,,
INST_0477,"Government Engineering College, Jaipur",Rajasthan,Jaipur,Jaipur,Engineering,Govt,True,active,False,True,2028-06-03,2012.0,8-2334511275,2026-05-19,,
INST_0478,"Ideal Institute of Technology, Nashik",Maharashtra,Nashik,Nashik,Engineering,Private,True,active,False,True,2024-07-15,1964.0,6-5222202402,2026-05-23,,
INST_0479,"Lokmanya Institute of Applied Arts and Crafts, Kota",Rajasthan,Kota,Kota,Applied Arts,Private,True,active,False,True,2024-09-05,1990.0,8-1221913811,2026-05-28,,
INST_0480,"Government Engineering College, Mandi",Himachal Pradesh,Shimla,Shimla,Engineering,Govt,True,active,True,False,,1985.0,5-4940267013,2026-07-17,,
INST_0481,"Vaagdevi Engg. College, Ajmer",Rajasthan,Ajmer,Ajmer,Engineering,Private,True,active,False,False,,1964.0,4-3839367470,2026-06-04,,
INST_0482,"Karunya Institute of Technology and Science, Coimbatore",Tamil Nadu,Coimbatore,Coimbatore,Engineering,Private,True,active,False,False,,2012.0,2-6541912686,2026-07-22,,
INST_0483,"Bharat Engineering College, Kolkata",West Bengal,Kolkata,Kolkata,Engineering,Private,True,active,False,True,2025-11-29,2013.0,3-1162888694,2026-06-18,,
INST_0484,"Government Institute of Management, Hubballi",Karnataka,Hubballi,Hubballi,Management,Govt,True,active,True,True,2025-09-01,2018.0,1-5472421816,2026-08-10,,
INST_0485,"Government Engineering College, Imphal",Manipur,Imphal,Imphal,Engineering,Govt,True,active,False,False,,1995.0,7-5573041115,2026-05-19,,
INST_0486,"Bapatla Institute of Management and Technology, Salem",Tamil Nadu,Salem,Salem,Management,Private,True,active,False,True,2026-08-24,1995.0,1-4428421836,2026-08-07,,
INST_0487,"Sri Indu College of Architecture and Planning, Kadapa",Andhra Pradesh,Kadapa,Kadapa,Architecture,Private,True,active,False,True,2026-11-29,1966.0,1-6651429509,2026-08-15,,
INST_0488,"Chaitanya Institute of Polytechnic, Guntur",Andhra Pradesh,Guntur,Guntur,Polytechnic,Private,True,active,False,False,,2017.0,3-2038417497,2026-07-30,,
INST_0489,"Government Institute of Management, Solapur",Maharashtra,Solapur,Solapur,Management,Govt,True,active,False,False,,1974.0,8-5297765889,2026-07-28,,
INST_0490,"Malla Reddy Institute of Technology, Chennai",Tamil Nadu,Chennai,Chennai,Engineering,Private,True,active,False,False,,1993.0,3-9997909385,2026-06-23,,
INST_0491,"Government Engineering College, Nashik",Maharashtra,Kolhapur,Kolhapur,Engineering,Govt,False,closed,False,False,,2011.0,7-1331693060,2026-07-08,,
INST_0492,"Lendi Institute of Pharmacy, Sagar",Madhya Pradesh,Sagar,Sagar,Pharmacy,Private,True,active,False,True,2025-06-23,2021.0,7-5816881386,2026-07-17,,
INST_0493,"Government School of Architecture, Kozhikode",Kerala,Kozhikode,Kozhikode,Architecture,Govt,True,active,False,False,,1996.0,1-2903120554,2026-05-19,,
INST_0494,"Lokmanya Institute of Technology, Jamshedpur",Jharkhand,Jamshedpur,Jamshedpur,Engineering,Private,False,closed,False,False,,1966.0,5-1419516671,2026-07-17,,
INST_0495,"Hindustan Institute of Engineering and Management, Ballari",Karnataka,Ballari,Ballari,Engineering,Private,False,closed,False,False,,1987.0,6-5690367519,2026-08-02,,
INST_0496,"Government College of Engineering, Kozhikode",Kerala,Kozhikode,Kozhikode,Engineering,Govt,True,active,False,False,,2014.0,2-4959233997,2026-07-02,,
INST_0497,"RV Inst. of Tech., Coimbatore",Tamil Nadu,Coimbatore,Coimbatore,Engineering,Private,True,active,False,True,2027-08-27,1976.0,2-1450647690,2026-08-04,,
INST_0498,"Jain Institute of Technology, Ballari",Karnataka,Ballari,Ballari,Engineering,Private,True,active,False,False,,1971.0,5-6946008187,2026-06-23,,
INST_0499,"Raghu Institute of Technology and Science, Bokaro",Jharkhand,Bokaro,Bokaro,Engineering,Private,True,active,False,False,,1965.0,4-1568004652,2026-08-14,,
INST_0500,"Reva Institute of Technology, Patiala",Punjab,Patiala,Patiala,Engineering,Private,True,active,False,True,2026-06-30,2012.0,3-3765120045,2026-05-31,,
INST_0501,"Saraswati Vidya Niketan College of Engineering, Patna",,,,,,,,,,,,,2023-02-04 12:00:00,,
INST_0502,"Bihar Institute of Engineering, Muzaffarpur",,,,,,,,,,,,,2023-08-18 12:00:00,,
INST_0503,"Dakshina Kannada Polytechnic, Mangaluru",,,,,,,,,,,,,2025-04-29 12:00:00,,
INST_0504,"Shivam Institute of Technology, Gorakhpur",,,,,,,,,,,,,2025-03-11 12:00:00,,
INST_0505,"Utkarsh College of Engineering, Bareilly",,,,,,,,,,,,,2022-03-24 12:00:00,,
INST_0506,"Navjeewan Polytechnic, Darbhanga",,,,,,,,,,,,,2023-07-02 12:00:00,,
INST_0507,"Ganga Engineering Institute, Kanpur Dehat",,,,,,,,,,,,,2023-05-08 12:00:00,,
INST_0508,"Shri Ram Polytechnic, Saharanpur",,,,,,,,,,,,,2024-12-12 12:00:00,,
INST_0509,"Annapurna Institute of Technology, Mysuru",,,,,,,,,,,,,2025-06-14 12:00:00,,
INST_0510,"Ratan Tata Engineering College, Mumbai Suburban",,,,,,,,,,,,,2022-11-05 12:00:00,,
INST_0511,"Old Staff College of Engineering, Nagpur",,,,,,,,,,,,,2024-10-04 12:00:00,,
INST_0512,"Dakshin Gujarat Institute, Surat East",,,,,,,,,,,,,2023-05-21 12:00:00,,
INST_0513,"Jhansi Technical Institute, Jhansi",,,,,,,,,,,,,2022-02-01 12:00:00,,
INST_0514,"Netaji Subhas Institute of Technology, Kalyani",,,,,,,,,,,,,2023-12-01 12:00:00,,
INST_0515,"Parampara College of Engineering, Jharsuguda",,,,,,,,,,,,,2023-04-23 12:00:00,,
INST_0516,"Bhavani Institute of Pharmacy, Tirupati",,,,,,,,,,,,,2023-03-26 12:00:00,,
INST_0517,"Kumarappa College of Architecture, Rajkot",,,,,,,,,,,,,2022-08-26 12:00:00,,
INST_0518,"Durgadevi Institute of Management, Gandhinagar",,,,,,,,,,,,,2023-07-20 12:00:00,,
INST_0519,"Vivekananda Institute of Technology, Vrindavan",,,,,,,,,,,,,2021-09-12 12:00:00,,
INST_0520,"Aurobindo College of Engineering, Puducherry",,,,,,,,,,,,,2023-09-04 12:00:00,,
INST_0521,Thapar College of Engineering,,,,,,,,,,,,,28-09-2023,,
INST_0522,Ratnagiri Ratnagiri Institute of Technology,,,,,,,,,,,,,25-04-2023,,
INST_0523,Nanded Engineering College,,,,,,,,,,,,,10-05-2024,,
INST_0524,"Shri Ganesh Polytechnic, Bhopal",,,,,,,,,,,,,06-06-2023,,
INST_0525,"Coastal Engineering Institute. ,",,,,,,,,,,,,,01-01-2023,,
INST_0526,Kharagpur Old Polytechnic,,,,,,,,,,,,,2023/07/22,,
INST_0527,"Bikaner Technical College, Bikaner",Bikaner,,,,,,,,,,,,25 Apr 2023,,
INST_0528,"Haldia Institute of Pharmacy, Haldia",Haldia,,,,,,,,,,,,22 Mar 2024,,
INST_0529,"Yamuna Engg. College, Etawah",Etawah,,,,,,,,,,,,29 Jun 2023,,
INST_0530,"Pragati Polytechnic, Jhansi",Jhansi,,,,,,,,,,,,18 Feb 2024,,
